iso_code,location,week,new_cases
ARG,Argentina,2020-11-01,69927
ARG,Argentina,2020-11-08,67995
ARG,Argentina,2020-11-15,61336
ARG,Argentina,2020-11-22,47193
ARG,Argentina,2020-11-29,46457
ARG,Argentina,2020-12-06,34770
ARG,Argentina,2020-12-13,42567
ARG,Argentina,2020-12-20,41098
ARG,Argentina,2020-12-27,56567
ARG,Argentina,2021-01-03,79575
ARG,Argentina,2021-01-10,77570
ARG,Argentina,2021-01-17,70213
ARG,Argentina,2021-01-24,60072
ARG,Argentina,2021-01-31,54425
ARG,Argentina,2021-02-07,44864
ARG,Argentina,2021-02-14,39072
ARG,Argentina,2021-02-21,43572
ARG,Argentina,2021-02-28,42517
ARG,Argentina,2021-03-07,45311
ARG,Argentina,2021-03-14,49714
ARG,Argentina,2021-03-21,59650
ARG,Argentina,2021-03-28,82148
ARG,Argentina,2021-04-04,133763
ARG,Argentina,2021-04-11,160447
ARG,Argentina,2021-04-18,168125
ARG,Argentina,2021-04-25,147993
ARG,Argentina,2021-05-02,142293
ARG,Argentina,2021-05-09,154777
ARG,Argentina,2021-05-16,223748
ARG,Argentina,2021-05-23,217580
ARG,Argentina,2021-05-30,206761
ARG,Argentina,2021-06-06,172123
ARG,Argentina,2021-06-13,147247
ARG,Argentina,2021-06-20,134748
ARG,Argentina,2021-06-27,133331
ARG,Argentina,2021-07-04,112625
ARG,Argentina,2021-07-11,110345
ARG,Argentina,2021-07-18,89666
ARG,Argentina,2021-07-25,90655
ARG,Argentina,2021-08-01,82990
ARG,Argentina,2021-08-08,68154
ARG,Argentina,2021-08-15,49944
ARG,Argentina,2021-08-22,40606
ARG,Argentina,2021-08-29,30947
ARG,Argentina,2021-09-05,21199
ARG,Argentina,2021-09-12,15006
ARG,Argentina,2021-09-19,11230
ARG,Argentina,2021-09-26,9512
ARG,Argentina,2021-10-03,6176
ARG,Argentina,2021-10-10,6623
ARG,Argentina,2021-10-17,7667
ARG,Argentina,2021-10-24,8441
ARG,Argentina,2021-10-31,548
AUS,Australia,2020-11-01,63
AUS,Australia,2020-11-08,53
AUS,Australia,2020-11-15,110
AUS,Australia,2020-11-22,71
AUS,Australia,2020-11-29,73
AUS,Australia,2020-12-06,65
AUS,Australia,2020-12-13,138
AUS,Australia,2020-12-20,140
AUS,Australia,2020-12-27,176
AUS,Australia,2021-01-03,111
AUS,Australia,2021-01-10,113
AUS,Australia,2021-01-17,58
AUS,Australia,2021-01-24,45
AUS,Australia,2021-01-31,40
AUS,Australia,2021-02-07,47
AUS,Australia,2021-02-14,28
AUS,Australia,2021-02-21,44
AUS,Australia,2021-02-28,64
AUS,Australia,2021-03-07,83
AUS,Australia,2021-03-14,79
AUS,Australia,2021-03-21,63
AUS,Australia,2021-03-28,89
AUS,Australia,2021-04-04,57
AUS,Australia,2021-04-11,114
AUS,Australia,2021-04-18,144
AUS,Australia,2021-04-25,161
AUS,Australia,2021-05-02,98
AUS,Australia,2021-05-09,53
AUS,Australia,2021-05-16,32
AUS,Australia,2021-05-23,89
AUS,Australia,2021-05-30,77
AUS,Australia,2021-06-06,75
AUS,Australia,2021-06-13,83
AUS,Australia,2021-06-20,168
AUS,Australia,2021-06-27,254
AUS,Australia,2021-07-04,347
AUS,Australia,2021-07-11,799
AUS,Australia,2021-07-18,1019
AUS,Australia,2021-07-25,1465
AUS,Australia,2021-08-01,1945
AUS,Australia,2021-08-08,2769
AUS,Australia,2021-08-15,4929
AUS,Australia,2021-08-22,7230
AUS,Australia,2021-08-29,10363
AUS,Australia,2021-09-05,11984
AUS,Australia,2021-09-12,12025
AUS,Australia,2021-09-19,11931
AUS,Australia,2021-09-26,13829
AUS,Australia,2021-10-03,16083
AUS,Australia,2021-10-10,15733
AUS,Australia,2021-10-17,15342
AUS,Australia,2021-10-24,12018
AUS,Australia,2021-10-31,1466
BOL,Bolivia,2020-11-01,670
BOL,Bolivia,2020-11-08,754
BOL,Bolivia,2020-11-15,741
BOL,Bolivia,2020-11-22,670
BOL,Bolivia,2020-11-29,900
BOL,Bolivia,2020-12-06,1538
BOL,Bolivia,2020-12-13,2740
BOL,Bolivia,2020-12-20,4579
BOL,Bolivia,2020-12-27,7706
BOL,Bolivia,2021-01-03,10743
BOL,Bolivia,2021-01-10,12882
BOL,Bolivia,2021-01-17,14309
BOL,Bolivia,2021-01-24,15408
BOL,Bolivia,2021-01-31,11731
BOL,Bolivia,2021-02-07,8908
BOL,Bolivia,2021-02-14,5735
BOL,Bolivia,2021-02-21,6776
BOL,Bolivia,2021-02-28,5403
BOL,Bolivia,2021-03-07,5054
BOL,Bolivia,2021-03-14,5407
BOL,Bolivia,2021-03-21,4891
BOL,Bolivia,2021-03-28,5165
BOL,Bolivia,2021-04-04,7103
BOL,Bolivia,2021-04-11,5790
BOL,Bolivia,2021-04-18,9825
BOL,Bolivia,2021-04-25,9342
BOL,Bolivia,2021-05-02,11020
BOL,Bolivia,2021-05-09,12186
BOL,Bolivia,2021-05-16,16337
BOL,Bolivia,2021-05-23,20644
BOL,Bolivia,2021-05-30,19020
BOL,Bolivia,2021-06-06,19613
BOL,Bolivia,2021-06-13,15614
BOL,Bolivia,2021-06-20,12052
BOL,Bolivia,2021-06-27,11077
BOL,Bolivia,2021-07-04,9505
BOL,Bolivia,2021-07-11,8119
BOL,Bolivia,2021-07-18,6261
BOL,Bolivia,2021-07-25,5531
BOL,Bolivia,2021-08-01,3756
BOL,Bolivia,2021-08-08,4369
BOL,Bolivia,2021-08-15,4763
BOL,Bolivia,2021-08-22,3408
BOL,Bolivia,2021-08-29,2707
BOL,Bolivia,2021-09-05,2155
BOL,Bolivia,2021-09-12,2286
BOL,Bolivia,2021-09-19,1840
BOL,Bolivia,2021-09-26,2033
BOL,Bolivia,2021-10-03,2609
BOL,Bolivia,2021-10-10,2718
BOL,Bolivia,2021-10-17,3559
BOL,Bolivia,2021-10-24,3875
BOL,Bolivia,2021-10-31,0
COL,Colombia,2020-11-01,62263
COL,Colombia,2020-11-08,55187
COL,Colombia,2020-11-15,48859
COL,Colombia,2020-11-22,59120
COL,Colombia,2020-11-29,62636
COL,Colombia,2020-12-06,54823
COL,Colombia,2020-12-13,78990
COL,Colombia,2020-12-20,88841
COL,Colombia,2020-12-27,81505
COL,Colombia,2021-01-03,104955
COL,Colombia,2021-01-10,119671
COL,Colombia,2021-01-17,111935
COL,Colombia,2021-01-24,83837
COL,Colombia,2021-01-31,64401
COL,Colombia,2021-02-07,38909
COL,Colombia,2021-02-14,31902
COL,Colombia,2021-02-21,26117
COL,Colombia,2021-02-28,25110
COL,Colombia,2021-03-07,25837
COL,Colombia,2021-03-14,32105
COL,Colombia,2021-03-21,44404
COL,Colombia,2021-03-28,61606
COL,Colombia,2021-04-04,81518
COL,Colombia,2021-04-11,117361
COL,Colombia,2021-04-18,121198
COL,Colombia,2021-04-25,120472
COL,Colombia,2021-05-02,107790
COL,Colombia,2021-05-09,117797
COL,Colombia,2021-05-16,107454
COL,Colombia,2021-05-23,152274
COL,Colombia,2021-05-30,183956
COL,Colombia,2021-06-06,177688
COL,Colombia,2021-06-13,192643
COL,Colombia,2021-06-20,208992
COL,Colombia,2021-06-27,197890
COL,Colombia,2021-07-04,168307
COL,Colombia,2021-07-11,128723
COL,Colombia,2021-07-18,95538
COL,Colombia,2021-07-25,68522
COL,Colombia,2021-08-01,49314
COL,Colombia,2021-08-08,29995
COL,Colombia,2021-08-15,22268
COL,Colombia,2021-08-22,16407
COL,Colombia,2021-08-29,13676
COL,Colombia,2021-09-05,11598
COL,Colombia,2021-09-12,10673
COL,Colombia,2021-09-19,11002
COL,Colombia,2021-09-26,10388
COL,Colombia,2021-10-03,10077
COL,Colombia,2021-10-10,9515
COL,Colombia,2021-10-17,9448
COL,Colombia,2021-10-24,10996
COL,Colombia,2021-10-31,1710
DOM,Dominican Republic,2020-11-01,2627
DOM,Dominican Republic,2020-11-08,3580
DOM,Dominican Republic,2020-11-15,4545
DOM,Dominican Republic,2020-11-22,4883
DOM,Dominican Republic,2020-11-29,5002
DOM,Dominican Republic,2020-12-06,5930
DOM,Dominican Republic,2020-12-13,5479
DOM,Dominican Republic,2020-12-20,6876
DOM,Dominican Republic,2020-12-27,7025
DOM,Dominican Republic,2021-01-03,7679
DOM,Dominican Republic,2021-01-10,10695
DOM,Dominican Republic,2021-01-17,11168
DOM,Dominican Republic,2021-01-24,10046
DOM,Dominican Republic,2021-01-31,9595
DOM,Dominican Republic,2021-02-07,6747
DOM,Dominican Republic,2021-02-14,5607
DOM,Dominican Republic,2021-02-21,4507
DOM,Dominican Republic,2021-02-28,3651
DOM,Dominican Republic,2021-03-07,2956
DOM,Dominican Republic,2021-03-14,3373
DOM,Dominican Republic,2021-03-21,2593
DOM,Dominican Republic,2021-03-28,2554
DOM,Dominican Republic,2021-04-04,3050
DOM,Dominican Republic,2021-04-11,3441
DOM,Dominican Republic,2021-04-18,3317
DOM,Dominican Republic,2021-04-25,2917
DOM,Dominican Republic,2021-05-02,3739
DOM,Dominican Republic,2021-05-09,5672
DOM,Dominican Republic,2021-05-16,6413
DOM,Dominican Republic,2021-05-23,7841
DOM,Dominican Republic,2021-05-30,9155
DOM,Dominican Republic,2021-06-06,8166
DOM,Dominican Republic,2021-06-13,7968
DOM,Dominican Republic,2021-06-20,6256
DOM,Dominican Republic,2021-06-27,6305
DOM,Dominican Republic,2021-07-04,4677
DOM,Dominican Republic,2021-07-11,4094
DOM,Dominican Republic,2021-07-18,2522
DOM,Dominican Republic,2021-07-25,2236
DOM,Dominican Republic,2021-08-01,2246
DOM,Dominican Republic,2021-08-08,1809
DOM,Dominican Republic,2021-08-15,1677
DOM,Dominican Republic,2021-08-22,1983
DOM,Dominican Republic,2021-08-29,1833
DOM,Dominican Republic,2021-09-05,1618
DOM,Dominican Republic,2021-09-12,1942
DOM,Dominican Republic,2021-09-19,1921
DOM,Dominican Republic,2021-09-26,3323
DOM,Dominican Republic,2021-10-03,4806
DOM,Dominican Republic,2021-10-10,4637
DOM,Dominican Republic,2021-10-17,5845
DOM,Dominican Republic,2021-10-24,5429
DOM,Dominican Republic,2021-10-31,693
ECU,Ecuador,2020-11-01,5294
ECU,Ecuador,2020-11-08,6141
ECU,Ecuador,2020-11-15,5249
ECU,Ecuador,2020-11-22,6033
ECU,Ecuador,2020-11-29,6482
ECU,Ecuador,2020-12-06,4133
ECU,Ecuador,2020-12-13,4396
ECU,Ecuador,2020-12-20,3354
ECU,Ecuador,2020-12-27,5239
ECU,Ecuador,2021-01-03,5836
ECU,Ecuador,2021-01-10,10459
ECU,Ecuador,2021-01-17,7424
ECU,Ecuador,2021-01-24,11547
ECU,Ecuador,2021-01-31,7336
ECU,Ecuador,2021-02-07,8412
ECU,Ecuador,2021-02-14,7570
ECU,Ecuador,2021-02-21,11250
ECU,Ecuador,2021-02-28,8596
ECU,Ecuador,2021-03-07,7723
ECU,Ecuador,2021-03-14,10202
ECU,Ecuador,2021-03-21,11831
ECU,Ecuador,2021-03-28,10476
ECU,Ecuador,2021-04-04,11702
ECU,Ecuador,2021-04-11,13280
ECU,Ecuador,2021-04-18,14597
ECU,Ecuador,2021-04-25,11835
ECU,Ecuador,2021-05-02,14332
ECU,Ecuador,2021-05-09,10599
ECU,Ecuador,2021-05-16,8320
ECU,Ecuador,2021-05-23,6901
ECU,Ecuador,2021-05-30,6688
ECU,Ecuador,2021-06-06,6679
ECU,Ecuador,2021-06-13,7478
ECU,Ecuador,2021-06-20,7776
ECU,Ecuador,2021-06-27,8780
ECU,Ecuador,2021-07-04,5834
ECU,Ecuador,2021-07-11,7239
ECU,Ecuador,2021-07-18,5505
ECU,Ecuador,2021-07-25,6652
ECU,Ecuador,2021-08-01,4459
ECU,Ecuador,2021-08-08,2988
ECU,Ecuador,2021-08-15,3795
ECU,Ecuador,2021-08-22,2435
ECU,Ecuador,2021-08-29,2718
ECU,Ecuador,2021-09-05,1495
ECU,Ecuador,2021-09-12,1712
ECU,Ecuador,2021-09-19,1529
ECU,Ecuador,2021-09-26,2422
ECU,Ecuador,2021-10-03,973
ECU,Ecuador,2021-10-10,1659
ECU,Ecuador,2021-10-17,1754
ECU,Ecuador,2021-10-24,1891
ECU,Ecuador,2021-10-31,60
ESP,Spain,2020-11-01,143154
ESP,Spain,2020-11-08,129759
ESP,Spain,2020-11-15,98139
ESP,Spain,2020-11-22,71478
ESP,Spain,2020-11-29,56439
ESP,Spain,2020-12-06,45928
ESP,Spain,2020-12-13,66661
ESP,Spain,2020-12-20,57715
ESP,Spain,2020-12-27,73314
ESP,Spain,2021-01-03,122095
ESP,Spain,2021-01-10,201804
ESP,Spain,2021-01-17,247396
ESP,Spain,2021-01-24,243559
ESP,Spain,2021-01-31,198871
ESP,Spain,2021-02-07,114045
ESP,Spain,2021-02-14,77087
ESP,Spain,2021-02-21,55431
ESP,Spain,2021-02-28,34806
ESP,Spain,2021-03-07,34692
ESP,Spain,2021-03-14,28628
ESP,Spain,2021-03-21,42992
ESP,Spain,2021-03-28,45641
ESP,Spain,2021-04-04,46547
ESP,Spain,2021-04-11,59771
ESP,Spain,2021-04-18,61334
ESP,Spain,2021-04-25,55460
ESP,Spain,2021-05-02,43331
ESP,Spain,2021-05-09,37391
ESP,Spain,2021-05-16,31654
ESP,Spain,2021-05-23,32205
ESP,Spain,2021-05-30,29323
ESP,Spain,2021-06-06,35619
ESP,Spain,2021-06-13,23842
ESP,Spain,2021-06-20,25021
ESP,Spain,2021-06-27,51405
ESP,Spain,2021-07-04,103324
ESP,Spain,2021-07-11,163030
ESP,Spain,2021-07-18,180207
ESP,Spain,2021-07-25,166615
ESP,Spain,2021-08-01,141088
ESP,Spain,2021-08-08,105408
ESP,Spain,2021-08-15,76913
ESP,Spain,2021-08-22,61356
ESP,Spain,2021-08-29,45946
ESP,Spain,2021-09-05,29706
ESP,Spain,2021-09-12,22085
ESP,Spain,2021-09-19,17055
ESP,Spain,2021-09-26,14527
ESP,Spain,2021-10-03,12491
ESP,Spain,2021-10-10,10767
ESP,Spain,2021-10-17,13346
ESP,Spain,2021-10-24,13416
ESP,Spain,2021-10-31,0
FRA,France,2020-11-01,427902
FRA,France,2020-11-08,205943
FRA,France,2020-11-15,172137
FRA,France,2020-11-22,82001
FRA,France,2020-11-29,72907
FRA,France,2020-12-06,83877
FRA,France,2020-12-13,95305
FRA,France,2020-12-20,90368
FRA,France,2020-12-27,92430
FRA,France,2021-01-03,124081
FRA,France,2021-01-10,127112
FRA,France,2021-01-17,141131
FRA,France,2021-01-24,142698
FRA,France,2021-01-31,139555
FRA,France,2021-02-07,131418
FRA,France,2021-02-14,134647
FRA,France,2021-02-21,153116
FRA,France,2021-02-28,146478
FRA,France,2021-03-07,162911
FRA,France,2021-03-14,206788
FRA,France,2021-03-21,256625
FRA,France,2021-03-28,233454
FRA,France,2021-04-04,198973
FRA,France,2021-04-11,319402
FRA,France,2021-04-18,213430
FRA,France,2021-04-25,168820
FRA,France,2021-05-02,125667
FRA,France,2021-05-09,95880
FRA,France,2021-05-16,79047
FRA,France,2021-05-23,64523
FRA,France,2021-05-30,49381
FRA,France,2021-06-06,30237
FRA,France,2021-06-13,17804
FRA,France,2021-06-20,13041
FRA,France,2021-06-27,15267
FRA,France,2021-07-04,24785
FRA,France,2021-07-11,46929
FRA,France,2021-07-18,123561
FRA,France,2021-07-25,148542
FRA,France,2021-08-01,157971
FRA,France,2021-08-08,165336
FRA,France,2021-08-15,152823
FRA,France,2021-08-22,126795
FRA,France,2021-08-29,97184
FRA,France,2021-09-05,71553
FRA,France,2021-09-12,52248
FRA,France,2021-09-19,40186
FRA,France,2021-09-26,33767
FRA,France,2021-10-03,29244
FRA,France,2021-10-10,32822
FRA,France,2021-10-17,35600
FRA,France,2021-10-24,39717
FRA,France,2021-10-31,6329
GBR,United Kingdom,2020-11-01,159781
GBR,United Kingdom,2020-11-08,172915
GBR,United Kingdom,2020-11-15,149027
GBR,United Kingdom,2020-11-22,111789
GBR,United Kingdom,2020-11-29,100799
GBR,United Kingdom,2020-12-06,124985
GBR,United Kingdom,2020-12-13,173263
GBR,United Kingdom,2020-12-20,251786
GBR,United Kingdom,2020-12-27,343784
GBR,United Kingdom,2021-01-03,417620
GBR,United Kingdom,2021-01-10,339952
GBR,United Kingdom,2021-01-17,260098
GBR,United Kingdom,2021-01-24,178629
GBR,United Kingdom,2021-01-31,133747
GBR,United Kingdom,2021-02-07,97271
GBR,United Kingdom,2021-02-14,78569
GBR,United Kingdom,2021-02-21,64844
GBR,United Kingdom,2021-02-28,42824
GBR,United Kingdom,2021-03-07,40477
GBR,United Kingdom,2021-03-14,37451
GBR,United Kingdom,2021-03-21,37909
GBR,United Kingdom,2021-03-28,27911
GBR,United Kingdom,2021-04-04,15814
GBR,United Kingdom,2021-04-11,17893
GBR,United Kingdom,2021-04-18,17232
GBR,United Kingdom,2021-04-25,15360
GBR,United Kingdom,2021-05-02,14560
GBR,United Kingdom,2021-05-09,15761
GBR,United Kingdom,2021-05-16,13959
GBR,United Kingdom,2021-05-23,20499
GBR,United Kingdom,2021-05-30,30724
GBR,United Kingdom,2021-06-06,46825
GBR,United Kingdom,2021-06-13,62474
GBR,United Kingdom,2021-06-20,96843
GBR,United Kingdom,2021-06-27,161805
GBR,United Kingdom,2021-07-04,210277
GBR,United Kingdom,2021-07-11,296447
GBR,United Kingdom,2021-07-18,282920
GBR,United Kingdom,2021-07-25,187268
GBR,United Kingdom,2021-08-01,185724
GBR,United Kingdom,2021-08-08,198759
GBR,United Kingdom,2021-08-15,219919
GBR,United Kingdom,2021-08-22,237556
GBR,United Kingdom,2021-08-29,243125
GBR,United Kingdom,2021-09-05,256051
GBR,United Kingdom,2021-09-12,203077
GBR,United Kingdom,2021-09-19,230494
GBR,United Kingdom,2021-09-26,239781
GBR,United Kingdom,2021-10-03,249699
GBR,United Kingdom,2021-10-10,283756
GBR,United Kingdom,2021-10-17,330465
GBR,United Kingdom,2021-10-24,285028
GBR,United Kingdom,2021-10-31,37667
HTI,Haiti,2020-11-01,55
HTI,Haiti,2020-11-08,59
HTI,Haiti,2020-11-15,43
HTI,Haiti,2020-11-22,53
HTI,Haiti,2020-11-29,83
HTI,Haiti,2020-12-06,118
HTI,Haiti,2020-12-13,183
HTI,Haiti,2020-12-20,198
HTI,Haiti,2020-12-27,169
HTI,Haiti,2021-01-03,226
HTI,Haiti,2021-01-10,394
HTI,Haiti,2021-01-17,400
HTI,Haiti,2021-01-24,555
HTI,Haiti,2021-01-31,318
HTI,Haiti,2021-02-07,284
HTI,Haiti,2021-02-14,133
HTI,Haiti,2021-02-21,168
HTI,Haiti,2021-02-28,121
HTI,Haiti,2021-03-07,74
HTI,Haiti,2021-03-14,48
HTI,Haiti,2021-03-21,61
HTI,Haiti,2021-03-28,58
HTI,Haiti,2021-04-04,63
HTI,Haiti,2021-04-11,81
HTI,Haiti,2021-04-18,79
HTI,Haiti,2021-04-25,86
HTI,Haiti,2021-05-02,91
HTI,Haiti,2021-05-09,265
HTI,Haiti,2021-05-16,517
HTI,Haiti,2021-05-23,894
HTI,Haiti,2021-05-30,964
HTI,Haiti,2021-06-06,880
HTI,Haiti,2021-06-13,935
HTI,Haiti,2021-06-20,852
HTI,Haiti,2021-06-27,545
HTI,Haiti,2021-07-04,405
HTI,Haiti,2021-07-11,271
HTI,Haiti,2021-07-18,294
HTI,Haiti,2021-07-25,249
HTI,Haiti,2021-08-01,215
HTI,Haiti,2021-08-08,164
HTI,Haiti,2021-08-15,140
HTI,Haiti,2021-08-22,117
HTI,Haiti,2021-08-29,177
HTI,Haiti,2021-09-05,160
HTI,Haiti,2021-09-12,187
HTI,Haiti,2021-09-19,387
HTI,Haiti,2021-09-26,481
HTI,Haiti,2021-10-03,473
HTI,Haiti,2021-10-10,579
HTI,Haiti,2021-10-17,457
HTI,Haiti,2021-10-24,210
HTI,Haiti,2021-10-31,18
IND,India,2020-11-01,323672
IND,India,2020-11-08,306825
IND,India,2020-11-15,281227
IND,India,2020-11-22,297113
IND,India,2020-11-29,251303
IND,India,2020-12-06,212807
IND,India,2020-12-13,174194
IND,India,2020-12-20,156627
IND,India,2020-12-27,136115
IND,India,2021-01-03,126319
IND,India,2021-01-10,107701
IND,India,2021-01-17,96548
IND,India,2021-01-24,91641
IND,India,2021-01-31,80189
IND,India,2021-02-07,78577
IND,India,2021-02-14,86711
IND,India,2021-02-21,105080
IND,India,2021-02-28,114068
IND,India,2021-03-07,148249
IND,India,2021-03-14,240082
IND,India,2021-03-21,372494
IND,India,2021-03-28,513885
IND,India,2021-04-04,873296
IND,India,2021-04-11,1429198
IND,India,2021-04-18,2172169
IND,India,2021-04-25,2597285
IND,India,2021-05-02,2738624
IND,India,2021-05-09,2387996
IND,India,2021-05-16,1846055
IND,India,2021-05-23,1364668
IND,India,2021-05-30,914539
IND,India,2021-06-06,630650
IND,India,2021-06-13,441783
IND,India,2021-06-20,351411
IND,India,2021-06-27,312250
IND,India,2021-07-04,291789
IND,India,2021-07-11,268843
IND,India,2021-07-18,265836
IND,India,2021-07-25,283923
IND,India,2021-08-01,278631
IND,India,2021-08-08,258121
IND,India,2021-08-15,231658
IND,India,2021-08-22,270796
IND,India,2021-08-29,293643
IND,India,2021-09-05,248248
IND,India,2021-09-12,211242
IND,India,2021-09-19,204582
IND,India,2021-09-26,161158
IND,India,2021-10-03,139572
IND,India,2021-10-10,114244
IND,India,2021-10-17,107749
IND,India,2021-10-24,97832
IND,India,2021-10-31,12514
MEX,Mexico,2020-11-01,36976
MEX,Mexico,2020-11-08,41315
MEX,Mexico,2020-11-15,29435
MEX,Mexico,2020-11-22,68715
MEX,Mexico,2020-11-29,66992
MEX,Mexico,2020-12-06,73041
MEX,Mexico,2020-12-13,72239
MEX,Mexico,2020-12-20,63542
MEX,Mexico,2020-12-27,66327
MEX,Mexico,2021-01-03,80492
MEX,Mexico,2021-01-10,106222
MEX,Mexico,2021-01-17,122089
MEX,Mexico,2021-01-24,104883
MEX,Mexico,2021-01-31,68850
MEX,Mexico,2021-02-07,62615
MEX,Mexico,2021-02-14,49581
MEX,Mexico,2021-02-21,45852
MEX,Mexico,2021-02-28,41738
MEX,Mexico,2021-03-07,38009
MEX,Mexico,2021-03-14,29764
MEX,Mexico,2021-03-21,31265
MEX,Mexico,2021-03-28,24291
MEX,Mexico,2021-04-04,29225
MEX,Mexico,2021-04-11,25676
MEX,Mexico,2021-04-18,22642
MEX,Mexico,2021-04-25,21042
MEX,Mexico,2021-05-02,16837
MEX,Mexico,2021-05-09,16073
MEX,Mexico,2021-05-16,14640
MEX,Mexico,2021-05-23,16173
MEX,Mexico,2021-05-30,20199
MEX,Mexico,2021-06-06,20767
MEX,Mexico,2021-06-13,19272
MEX,Mexico,2021-06-20,31667
MEX,Mexico,2021-06-27,34049
MEX,Mexico,2021-07-04,49264
MEX,Mexico,2021-07-11,67978
MEX,Mexico,2021-07-18,87284
MEX,Mexico,2021-07-25,106269
MEX,Mexico,2021-08-01,115992
MEX,Mexico,2021-08-08,127727
MEX,Mexico,2021-08-15,125444
MEX,Mexico,2021-08-22,111448
MEX,Mexico,2021-08-29,92017
MEX,Mexico,2021-09-05,85863
MEX,Mexico,2021-09-12,46240
MEX,Mexico,2021-09-19,66132
MEX,Mexico,2021-09-26,59865
MEX,Mexico,2021-10-03,35412
MEX,Mexico,2021-10-10,40671
MEX,Mexico,2021-10-17,26598
MEX,Mexico,2021-10-24,24104
MEX,Mexico,2021-10-31,1446
NLD,Netherlands,2020-11-01,50264
NLD,Netherlands,2020-11-08,37843
NLD,Netherlands,2020-11-15,36850
NLD,Netherlands,2020-11-22,34328
NLD,Netherlands,2020-11-29,38391
NLD,Netherlands,2020-12-06,56356
NLD,Netherlands,2020-12-13,76309
NLD,Netherlands,2020-12-20,73350
NLD,Netherlands,2020-12-27,58247
NLD,Netherlands,2021-01-03,51776
NLD,Netherlands,2021-01-10,39794
NLD,Netherlands,2021-01-17,36462
NLD,Netherlands,2021-01-24,29671
NLD,Netherlands,2021-01-31,27360
NLD,Netherlands,2021-02-07,23590
NLD,Netherlands,2021-02-14,27394
NLD,Netherlands,2021-02-21,32073
NLD,Netherlands,2021-02-28,31400
NLD,Netherlands,2021-03-07,37129
NLD,Netherlands,2021-03-14,44372
NLD,Netherlands,2021-03-21,50921
NLD,Netherlands,2021-03-28,49730
NLD,Netherlands,2021-04-04,48553
NLD,Netherlands,2021-04-11,53188
NLD,Netherlands,2021-04-18,57314
NLD,Netherlands,2021-04-25,46493
NLD,Netherlands,2021-05-02,52437
NLD,Netherlands,2021-05-09,38164
NLD,Netherlands,2021-05-16,28142
NLD,Netherlands,2021-05-23,21241
NLD,Netherlands,2021-05-30,15692
NLD,Netherlands,2021-06-06,9745
NLD,Netherlands,2021-06-13,6287
NLD,Netherlands,2021-06-20,4319
NLD,Netherlands,2021-06-27,5854
NLD,Netherlands,2021-07-04,39350
NLD,Netherlands,2021-07-11,70158
NLD,Netherlands,2021-07-18,44994
NLD,Netherlands,2021-07-25,24357
NLD,Netherlands,2021-08-01,18170
NLD,Netherlands,2021-08-08,16309
NLD,Netherlands,2021-08-15,17099
NLD,Netherlands,2021-08-22,18025
NLD,Netherlands,2021-08-29,17869
NLD,Netherlands,2021-09-05,14744
NLD,Netherlands,2021-09-12,16184
NLD,Netherlands,2021-09-19,11726
NLD,Netherlands,2021-09-26,11620
NLD,Netherlands,2021-10-03,15755
NLD,Netherlands,2021-10-10,24069
NLD,Netherlands,2021-10-17,34886
NLD,Netherlands,2021-10-24,49505
NLD,Netherlands,2021-10-31,7694
NZL,New Zealand,2020-11-01,23
NZL,New Zealand,2020-11-08,19
NZL,New Zealand,2020-11-15,27
NZL,New Zealand,2020-11-22,22
NZL,New Zealand,2020-11-29,28
NZL,New Zealand,2020-12-06,18
NZL,New Zealand,2020-12-13,20
NZL,New Zealand,2020-12-20,28
NZL,New Zealand,2020-12-27,37
NZL,New Zealand,2021-01-03,38
NZL,New Zealand,2021-01-10,37
NZL,New Zealand,2021-01-17,27
NZL,New Zealand,2021-01-24,23
NZL,New Zealand,2021-01-31,16
NZL,New Zealand,2021-02-07,10
NZL,New Zealand,2021-02-14,20
NZL,New Zealand,2021-02-21,26
NZL,New Zealand,2021-02-28,23
NZL,New Zealand,2021-03-07,24
NZL,New Zealand,2021-03-14,30
NZL,New Zealand,2021-03-21,29
NZL,New Zealand,2021-03-28,19
NZL,New Zealand,2021-04-04,73
NZL,New Zealand,2021-04-11,21
NZL,New Zealand,2021-04-18,6
NZL,New Zealand,2021-04-25,17
NZL,New Zealand,2021-05-02,24
NZL,New Zealand,2021-05-09,5
NZL,New Zealand,2021-05-16,22
NZL,New Zealand,2021-05-23,4
NZL,New Zealand,2021-05-30,10
NZL,New Zealand,2021-06-06,26
NZL,New Zealand,2021-06-13,10
NZL,New Zealand,2021-06-20,11
NZL,New Zealand,2021-06-27,22
NZL,New Zealand,2021-07-04,16
NZL,New Zealand,2021-07-11,47
NZL,New Zealand,2021-07-18,48
NZL,New Zealand,2021-07-25,11
NZL,New Zealand,2021-08-01,13
NZL,New Zealand,2021-08-08,33
NZL,New Zealand,2021-08-15,97
NZL,New Zealand,2021-08-22,448
NZL,New Zealand,2021-08-29,304
NZL,New Zealand,2021-09-05,145
NZL,New Zealand,2021-09-12,147
NZL,New Zealand,2021-09-19,123
NZL,New Zealand,2021-09-26,169
NZL,New Zealand,2021-10-03,272
NZL,New Zealand,2021-10-10,367
NZL,New Zealand,2021-10-17,647
NZL,New Zealand,2021-10-24,790
NZL,New Zealand,2021-10-31,166
PAN,Panama,2020-11-01,4908
PAN,Panama,2020-11-08,6803
PAN,Panama,2020-11-15,8268
PAN,Panama,2020-11-22,9876
PAN,Panama,2020-11-29,12454
PAN,Panama,2020-12-06,14678
PAN,Panama,2020-12-13,18999
PAN,Panama,2020-12-20,19140
PAN,Panama,2020-12-27,23040
PAN,Panama,2021-01-03,25008
PAN,Panama,2021-01-10,19497
PAN,Panama,2021-01-17,13582
PAN,Panama,2021-01-24,9602
PAN,Panama,2021-01-31,7011
PAN,Panama,2021-02-07,5228
PAN,Panama,2021-02-14,4345
PAN,Panama,2021-02-21,4408
PAN,Panama,2021-02-28,4032
PAN,Panama,2021-03-07,3164
PAN,Panama,2021-03-14,3024
PAN,Panama,2021-03-21,2832
PAN,Panama,2021-03-28,2576
PAN,Panama,2021-04-04,2304
PAN,Panama,2021-04-11,2220
PAN,Panama,2021-04-18,2099
PAN,Panama,2021-04-25,2148
PAN,Panama,2021-05-02,2426
PAN,Panama,2021-05-09,3263
PAN,Panama,2021-05-16,3241
PAN,Panama,2021-05-23,3654
PAN,Panama,2021-05-30,4521
PAN,Panama,2021-06-06,5178
PAN,Panama,2021-06-13,6017
PAN,Panama,2021-06-20,6733
PAN,Panama,2021-06-27,7453
PAN,Panama,2021-07-04,7317
PAN,Panama,2021-07-11,7310
PAN,Panama,2021-07-18,7126
PAN,Panama,2021-07-25,6572
PAN,Panama,2021-08-01,5661
PAN,Panama,2021-08-08,5945
PAN,Panama,2021-08-15,4723
PAN,Panama,2021-08-22,4219
PAN,Panama,2021-08-29,3316
PAN,Panama,2021-09-05,2491
PAN,Panama,2021-09-12,2028
PAN,Panama,2021-09-19,1955
PAN,Panama,2021-09-26,1572
PAN,Panama,2021-10-03,1398
PAN,Panama,2021-10-10,1035
PAN,Panama,2021-10-17,1405
PAN,Panama,2021-10-24,1131
PAN,Panama,2021-10-31,130
PER,Peru,2020-11-01,17323
PER,Peru,2020-11-08,15147
PER,Peru,2020-11-15,15431
PER,Peru,2020-11-22,12287
PER,Peru,2020-11-29,10492
PER,Peru,2020-12-06,10083
PER,Peru,2020-12-13,8514
PER,Peru,2020-12-20,16089
PER,Peru,2020-12-27,9591
PER,Peru,2021-01-03,11043
PER,Peru,2021-01-10,29843
PER,Peru,2021-01-17,26884
PER,Peru,2021-01-24,50115
PER,Peru,2021-01-31,40023
PER,Peru,2021-02-07,47703
PER,Peru,2021-02-14,48775
PER,Peru,2021-02-21,54340
PER,Peru,2021-02-28,34431
PER,Peru,2021-03-07,44316
PER,Peru,2021-03-14,49035
PER,Peru,2021-03-21,69328
PER,Peru,2021-03-28,52988
PER,Peru,2021-04-04,65806
PER,Peru,2021-04-11,57859
PER,Peru,2021-04-18,56524
PER,Peru,2021-04-25,45295
PER,Peru,2021-05-02,45611
PER,Peru,2021-05-09,33993
PER,Peru,2021-05-16,41802
PER,Peru,2021-05-23,26704
PER,Peru,2021-05-30,32836
PER,Peru,2021-06-06,17665
PER,Peru,2021-06-13,25123
PER,Peru,2021-06-20,20083
PER,Peru,2021-06-27,14292
PER,Peru,2021-07-04,21261
PER,Peru,2021-07-11,13310
PER,Peru,2021-07-18,10779
PER,Peru,2021-07-25,8489
PER,Peru,2021-08-01,12735
PER,Peru,2021-08-08,8706
PER,Peru,2021-08-15,8401
PER,Peru,2021-08-22,6050
PER,Peru,2021-08-29,6847
PER,Peru,2021-09-05,6195
PER,Peru,2021-09-12,6092
PER,Peru,2021-09-19,5842
PER,Peru,2021-09-26,5886
PER,Peru,2021-10-03,5442
PER,Peru,2021-10-10,5576
PER,Peru,2021-10-17,5936
PER,Peru,2021-10-24,5807
PER,Peru,2021-10-31,888
PRY,Paraguay,2020-11-01,3756
PRY,Paraguay,2020-11-08,4124
PRY,Paraguay,2020-11-15,4792
PRY,Paraguay,2020-11-22,5274
PRY,Paraguay,2020-11-29,6082
PRY,Paraguay,2020-12-06,5700
PRY,Paraguay,2020-12-13,6244
PRY,Paraguay,2020-12-20,5005
PRY,Paraguay,2020-12-27,4556
PRY,Paraguay,2021-01-03,6308
PRY,Paraguay,2021-01-10,6622
PRY,Paraguay,2021-01-17,5433
PRY,Paraguay,2021-01-24,5467
PRY,Paraguay,2021-01-31,5055
PRY,Paraguay,2021-02-07,5840
PRY,Paraguay,2021-02-14,7288
PRY,Paraguay,2021-02-21,7806
PRY,Paraguay,2021-02-28,8432
PRY,Paraguay,2021-03-07,12103
PRY,Paraguay,2021-03-14,13527
PRY,Paraguay,2021-03-21,13998
PRY,Paraguay,2021-03-28,12796
PRY,Paraguay,2021-04-04,14352
PRY,Paraguay,2021-04-11,14619
PRY,Paraguay,2021-04-18,16932
PRY,Paraguay,2021-04-25,15727
PRY,Paraguay,2021-05-02,15283
PRY,Paraguay,2021-05-09,15440
PRY,Paraguay,2021-05-16,18711
PRY,Paraguay,2021-05-23,20156
PRY,Paraguay,2021-05-30,20408
PRY,Paraguay,2021-06-06,18629
PRY,Paraguay,2021-06-13,15425
PRY,Paraguay,2021-06-20,11768
PRY,Paraguay,2021-06-27,10699
PRY,Paraguay,2021-07-04,9082
PRY,Paraguay,2021-07-11,7803
PRY,Paraguay,2021-07-18,4491
PRY,Paraguay,2021-07-25,3470
PRY,Paraguay,2021-08-01,2477
PRY,Paraguay,2021-08-08,1724
PRY,Paraguay,2021-08-15,1023
PRY,Paraguay,2021-08-22,749
PRY,Paraguay,2021-08-29,483
PRY,Paraguay,2021-09-05,363
PRY,Paraguay,2021-09-12,373
PRY,Paraguay,2021-09-19,199
PRY,Paraguay,2021-09-26,218
PRY,Paraguay,2021-10-03,174
PRY,Paraguay,2021-10-10,151
PRY,Paraguay,2021-10-17,357
PRY,Paraguay,2021-10-24,295
PRY,Paraguay,2021-10-31,32
PYF,French Polynesia,2020-11-01,2733
PYF,French Polynesia,2020-11-08,1711
PYF,French Polynesia,2020-11-15,1272
PYF,French Polynesia,2020-11-22,1118
PYF,French Polynesia,2020-11-29,1011
PYF,French Polynesia,2020-12-06,511
PYF,French Polynesia,2020-12-13,564
PYF,French Polynesia,2020-12-20,368
PYF,French Polynesia,2020-12-27,376
PYF,French Polynesia,2021-01-03,315
PYF,French Polynesia,2021-01-10,394
PYF,French Polynesia,2021-01-17,217
PYF,French Polynesia,2021-01-24,208
PYF,French Polynesia,2021-01-31,125
PYF,French Polynesia,2021-02-07,78
PYF,French Polynesia,2021-02-14,83
PYF,French Polynesia,2021-02-21,41
PYF,French Polynesia,2021-02-28,72
PYF,French Polynesia,2021-03-07,68
PYF,French Polynesia,2021-03-14,49
PYF,French Polynesia,2021-03-21,31
PYF,French Polynesia,2021-03-28,26
PYF,French Polynesia,2021-04-04,19
PYF,French Polynesia,2021-04-11,44
PYF,French Polynesia,2021-04-18,38
PYF,French Polynesia,2021-04-25,24
PYF,French Polynesia,2021-05-02,32
PYF,French Polynesia,2021-05-09,25
PYF,French Polynesia,2021-05-16,29
PYF,French Polynesia,2021-05-23,16
PYF,French Polynesia,2021-05-30,29
PYF,French Polynesia,2021-06-06,41
PYF,French Polynesia,2021-06-13,33
PYF,French Polynesia,2021-06-20,31
PYF,French Polynesia,2021-06-27,17
PYF,French Polynesia,2021-07-04,15
PYF,French Polynesia,2021-07-11,59
PYF,French Polynesia,2021-07-18,200
PYF,French Polynesia,2021-07-25,763
PYF,French Polynesia,2021-08-01,2411
PYF,French Polynesia,2021-08-08,5871
PYF,French Polynesia,2021-08-15,8042
PYF,French Polynesia,2021-08-22,3806
PYF,French Polynesia,2021-08-29,0
PYF,French Polynesia,2021-09-05,0
PYF,French Polynesia,2021-09-12,0
PYF,French Polynesia,2021-09-19,0
PYF,French Polynesia,2021-09-26,0
PYF,French Polynesia,2021-10-03,5181
PYF,French Polynesia,2021-10-10,80
PYF,French Polynesia,2021-10-17,76
PYF,French Polynesia,2021-10-24,35
PYF,French Polynesia,2021-10-31,0
URY,Uruguay,2020-11-01,317
URY,Uruguay,2020-11-08,516
URY,Uruguay,2020-11-15,607
URY,Uruguay,2020-11-22,947
URY,Uruguay,2020-11-29,1454
URY,Uruguay,2020-12-06,2215
URY,Uruguay,2020-12-13,3377
URY,Uruguay,2020-12-20,3661
URY,Uruguay,2020-12-27,4057
URY,Uruguay,2021-01-03,4699
URY,Uruguay,2021-01-10,6695
URY,Uruguay,2021-01-17,5298
URY,Uruguay,2021-01-24,4214
URY,Uruguay,2021-01-31,3631
URY,Uruguay,2021-02-07,3647
URY,Uruguay,2021-02-14,3704
URY,Uruguay,2021-02-21,5199
URY,Uruguay,2021-02-28,5648
URY,Uruguay,2021-03-07,7123
URY,Uruguay,2021-03-14,9790
URY,Uruguay,2021-03-21,15355
URY,Uruguay,2021-03-28,18626
URY,Uruguay,2021-04-04,27476
URY,Uruguay,2021-04-11,21020
URY,Uruguay,2021-04-18,19926
URY,Uruguay,2021-04-25,18582
URY,Uruguay,2021-05-02,17892
URY,Uruguay,2021-05-09,19279
URY,Uruguay,2021-05-16,23930
URY,Uruguay,2021-05-23,26163
URY,Uruguay,2021-05-30,24531
URY,Uruguay,2021-06-06,23767
URY,Uruguay,2021-06-13,16907
URY,Uruguay,2021-06-20,11482
URY,Uruguay,2021-06-27,7319
URY,Uruguay,2021-07-04,4103
URY,Uruguay,2021-07-11,2452
URY,Uruguay,2021-07-18,1578
URY,Uruguay,2021-07-25,1206
URY,Uruguay,2021-08-01,843
URY,Uruguay,2021-08-08,852
URY,Uruguay,2021-08-15,814
URY,Uruguay,2021-08-22,596
URY,Uruguay,2021-08-29,935
URY,Uruguay,2021-09-05,1005
URY,Uruguay,2021-09-12,993
URY,Uruguay,2021-09-19,869
URY,Uruguay,2021-09-26,700
URY,Uruguay,2021-10-03,811
URY,Uruguay,2021-10-10,980
URY,Uruguay,2021-10-17,1114
URY,Uruguay,2021-10-24,1689
URY,Uruguay,2021-10-31,181
VEN,Venezuela,2020-11-01,2685
VEN,Venezuela,2020-11-08,2235
VEN,Venezuela,2020-11-15,2502
VEN,Venezuela,2020-11-22,2325
VEN,Venezuela,2020-11-29,2417
VEN,Venezuela,2020-12-06,3000
VEN,Venezuela,2020-12-13,2604
VEN,Venezuela,2020-12-20,2170
VEN,Venezuela,2020-12-27,2132
VEN,Venezuela,2021-01-03,2089
VEN,Venezuela,2021-01-10,3134
VEN,Venezuela,2021-01-17,3939
VEN,Venezuela,2021-01-24,3078
VEN,Venezuela,2021-01-31,3320
VEN,Venezuela,2021-02-07,3100
VEN,Venezuela,2021-02-14,2860
VEN,Venezuela,2021-02-21,3136
VEN,Venezuela,2021-02-28,3146
VEN,Venezuela,2021-03-07,3494
VEN,Venezuela,2021-03-14,4927
VEN,Venezuela,2021-03-21,5357
VEN,Venezuela,2021-03-28,8674
VEN,Venezuela,2021-04-04,9449
VEN,Venezuela,2021-04-11,8117
VEN,Venezuela,2021-04-18,8620
VEN,Venezuela,2021-04-25,8342
VEN,Venezuela,2021-05-02,7684
VEN,Venezuela,2021-05-09,6449
VEN,Venezuela,2021-05-16,9054
VEN,Venezuela,2021-05-23,9391
VEN,Venezuela,2021-05-30,9271
VEN,Venezuela,2021-06-06,9595
VEN,Venezuela,2021-06-13,9104
VEN,Venezuela,2021-06-20,8936
VEN,Venezuela,2021-06-27,8046
VEN,Venezuela,2021-07-04,7347
VEN,Venezuela,2021-07-11,7974
VEN,Venezuela,2021-07-18,7088
VEN,Venezuela,2021-07-25,6962
VEN,Venezuela,2021-08-01,6349
VEN,Venezuela,2021-08-08,6070
VEN,Venezuela,2021-08-15,6457
VEN,Venezuela,2021-08-22,7530
VEN,Venezuela,2021-08-29,6128
VEN,Venezuela,2021-09-05,8455
VEN,Venezuela,2021-09-12,6646
VEN,Venezuela,2021-09-19,8639
VEN,Venezuela,2021-09-26,8328
VEN,Venezuela,2021-10-03,11898
VEN,Venezuela,2021-10-10,7779
VEN,Venezuela,2021-10-17,9622
VEN,Venezuela,2021-10-24,6572
VEN,Venezuela,2021-10-31,912
