"source","Adm0","month","passenger_volume","airport"
"Netherlands","Netherlands","Sep_2020",607,"SCL"
"Peru","Peru","Sep_2020",0,"SCL"
"Praguay","Praguay","Sep_2020",185,"SCL"
"Georgia","United States of America","Sep_2020",0,"SCL"
"New Zaeland","New Zaeland","Sep_2020",0,"SCL"
"Spain","Spain","Sep_2020",0,"SCL"
"Colombia","Colombia","Sep_2020",0,"SCL"
"Colombia","Colombia","Sep_2020",329,"SCL"
"France","France","Sep_2020",0,"SCL"
"Australia","Australia","Sep_2020",0,"SCL"
"Argentina","Argentina","Sep_2020",522,"SCL"
"Mexico","Mexico","Sep_2020",0,"SCL"
"Panama","Panama","Sep_2020",751,"SCL"
"Colombia","Colombia","Sep_2020",49,"SCL"
"Mexico","Mexico","Sep_2020",0,"SCL"
"Venezuela","Venezuela","Sep_2020",0,"SCL"
"Peru","Peru","Sep_2020",0,"SCL"
"Bolivia","Bolivia","Sep_2020",0,"SCL"
"Argentina","Argentina","Sep_2020",0,"SCL"
"Parana","Brazil","Sep_2020",48,"SCL"
"Texas","United States of America","Sep_2020",0,"SCL"
"Santa Catarina","Brazil","Sep_2020",0,"SCL"
"Goias","Brazil","Sep_2020",0,"SCL"
"Ecuador","Ecuador","Sep_2020",0,"SCL"
"Texas","United States of America","Sep_2020",0,"SCL"
"Parana","Brazil","Sep_2020",0,"SCL"
"Bolivia","Bolivia","Sep_2020",0,"SCL"
"Colombia","Colombia","Sep_2020",1202,"SCL"
"Peru","Peru","Sep_2020",0,"SCL"
"United Kingdom","United Kingdom","Sep_2020",273,"SCL"
"California","United States of America","Sep_2020",2756,"SCL"
"Spain","Spain","Sep_2020",0,"SCL"
"Colombia","Colombia","Sep_2020",0,"SCL"
"Argentina","Argentina","Sep_2020",7311,"SCL"
"Florida","United States of America","Sep_2020",484,"SCL"
"Uruguay","Uruguay","Sep_2020",0,"SCL"
"India","India","Sep_2020",467,"SCL"
"New York","United States of America","Sep_2020",0,"SCL"
"French Polynesia","French Polynesia","Sep_2020",607,"SCL"
"France","France","Sep_2020",0,"SCL"
"Colombia","Colombia","Sep_2020",0,"SCL"
"Rio Grande do Sul","Brazil","Sep_2020",45,"SCL"
"Haiti","Haiti","Sep_2020",104,"SCL"
"Dominican Republic","Dominican Republic","Sep_2020",0,"SCL"
"Ecuador","Ecuador","Sep_2020",0,"SCL"
"Rio de Janeiro","Brazil","Sep_2020",0,"SCL"
"Bahia","Brazil","Sep_2020",0,"SCL"
"Argentina","Argentina","Sep_2020",24,"SCL"
"Bolivia","Bolivia","Sep_2020",0,"SCL"
"Dominican Republic","Dominican Republic","Sep_2020",1955,"SCL"
"Sao Paulo","Brazil","Sep_2020",0,"SCL"
"Australia","Australia","Sep_2020",0,"SCL"
"Peru","Peru","Sep_2020",0,"SCL"
"Netherlands","Netherlands","Oct_2020",675,"SCL"
"Peru","Peru","Oct_2020",128,"SCL"
"Praguay","Praguay","Oct_2020",49,"SCL"
"Georgia","United States of America","Oct_2020",0,"SCL"
"New Zaeland","New Zaeland","Oct_2020",30,"SCL"
"Spain","Spain","Oct_2020",0,"SCL"
"Colombia","Colombia","Oct_2020",0,"SCL"
"Colombia","Colombia","Oct_2020",2046,"SCL"
"France","France","Oct_2020",0,"SCL"
"Australia","Australia","Oct_2020",1202,"SCL"
"Argentina","Argentina","Oct_2020",0,"SCL"
"Mexico","Mexico","Oct_2020",3205,"SCL"
"Panama","Panama","Oct_2020",771,"SCL"
"Colombia","Colombia","Oct_2020",0,"SCL"
"Mexico","Mexico","Oct_2020",0,"SCL"
"Venezuela","Venezuela","Oct_2020",0,"SCL"
"Peru","Peru","Oct_2020",0,"SCL"
"Bolivia","Bolivia","Oct_2020",46,"SCL"
"Argentina","Argentina","Oct_2020",0,"SCL"
"Parana","Brazil","Oct_2020",0,"SCL"
"Texas","United States of America","Oct_2020",0,"SCL"
"Santa Catarina","Brazil","Oct_2020",0,"SCL"
"Goias","Brazil","Oct_2020",0,"SCL"
"Ecuador","Ecuador","Oct_2020",1121,"SCL"
"Texas","United States of America","Oct_2020",0,"SCL"
"Parana","Brazil","Oct_2020",0,"SCL"
"Bolivia","Bolivia","Oct_2020",39,"SCL"
"Colombia","Colombia","Oct_2020",0,"SCL"
"Peru","Peru","Oct_2020",7750,"SCL"
"United Kingdom","United Kingdom","Oct_2020",0,"SCL"
"California","United States of America","Oct_2020",436,"SCL"
"Spain","Spain","Oct_2020",2365,"SCL"
"Colombia","Colombia","Oct_2020",0,"SCL"
"Argentina","Argentina","Oct_2020",0,"SCL"
"Florida","United States of America","Oct_2020",9210,"SCL"
"Uruguay","Uruguay","Oct_2020",479,"SCL"
"India","India","Oct_2020",0,"SCL"
"New York","United States of America","Oct_2020",943,"SCL"
"French Polynesia","French Polynesia","Oct_2020",0,"SCL"
"France","France","Oct_2020",493,"SCL"
"Colombia","Colombia","Oct_2020",0,"SCL"
"Rio Grande do Sul","Brazil","Oct_2020",0,"SCL"
"Haiti","Haiti","Oct_2020",0,"SCL"
"Dominican Republic","Dominican Republic","Oct_2020",0,"SCL"
"Ecuador","Ecuador","Oct_2020",0,"SCL"
"Rio de Janeiro","Brazil","Oct_2020",203,"SCL"
"Bahia","Brazil","Oct_2020",0,"SCL"
"Argentina","Argentina","Oct_2020",0,"SCL"
"Bolivia","Bolivia","Oct_2020",437,"SCL"
"Dominican Republic","Dominican Republic","Oct_2020",0,"SCL"
"Sao Paulo","Brazil","Oct_2020",4427,"SCL"
"Australia","Australia","Oct_2020",98,"SCL"
"Peru","Peru","Oct_2020",488,"SCL"
"Netherlands","Netherlands","Nov_2020",719,"SCL"
"Peru","Peru","Nov_2020",275,"SCL"
"Praguay","Praguay","Nov_2020",47,"SCL"
"Georgia","United States of America","Nov_2020",0,"SCL"
"New Zaeland","New Zaeland","Nov_2020",0,"SCL"
"Spain","Spain","Nov_2020",0,"SCL"
"Colombia","Colombia","Nov_2020",0,"SCL"
"Colombia","Colombia","Nov_2020",2616,"SCL"
"France","France","Nov_2020",0,"SCL"
"Australia","Australia","Nov_2020",0,"SCL"
"Argentina","Argentina","Nov_2020",4992,"SCL"
"Mexico","Mexico","Nov_2020",0,"SCL"
"Panama","Panama","Nov_2020",6576,"SCL"
"Colombia","Colombia","Nov_2020",580,"SCL"
"Mexico","Mexico","Nov_2020",0,"SCL"
"Venezuela","Venezuela","Nov_2020",61,"SCL"
"Peru","Peru","Nov_2020",40,"SCL"
"Bolivia","Bolivia","Nov_2020",NA,"SCL"
"Argentina","Argentina","Nov_2020",0,"SCL"
"Parana","Brazil","Nov_2020",0,"SCL"
"Texas","United States of America","Nov_2020",0,"SCL"
"Santa Catarina","Brazil","Nov_2020",0,"SCL"
"Goias","Brazil","Nov_2020",0,"SCL"
"Ecuador","Ecuador","Nov_2020",1266,"SCL"
"Texas","United States of America","Nov_2020",1804,"SCL"
"Parana","Brazil","Nov_2020",0,"SCL"
"Bolivia","Bolivia","Nov_2020",438,"SCL"
"Colombia","Colombia","Nov_2020",39,"SCL"
"Peru","Peru","Nov_2020",12378,"SCL"
"United Kingdom","United Kingdom","Nov_2020",46,"SCL"
"California","United States of America","Nov_2020",0,"SCL"
"Spain","Spain","Nov_2020",2132,"SCL"
"Colombia","Colombia","Nov_2020",0,"SCL"
"Argentina","Argentina","Nov_2020",4,"SCL"
"Florida","United States of America","Nov_2020",13423,"SCL"
"Uruguay","Uruguay","Nov_2020",631,"SCL"
"India","India","Nov_2020",0,"SCL"
"New York","United States of America","Nov_2020",439,"SCL"
"French Polynesia","French Polynesia","Nov_2020",0,"SCL"
"France","France","Nov_2020",288,"SCL"
"Colombia","Colombia","Nov_2020",0,"SCL"
"Rio Grande do Sul","Brazil","Nov_2020",0,"SCL"
"Haiti","Haiti","Nov_2020",0,"SCL"
"Dominican Republic","Dominican Republic","Nov_2020",0,"SCL"
"Ecuador","Ecuador","Nov_2020",0,"SCL"
"Rio de Janeiro","Brazil","Nov_2020",722,"SCL"
"Bahia","Brazil","Nov_2020",0,"SCL"
"Argentina","Argentina","Nov_2020",0,"SCL"
"Bolivia","Bolivia","Nov_2020",426,"SCL"
"Dominican Republic","Dominican Republic","Nov_2020",0,"SCL"
"Sao Paulo","Brazil","Nov_2020",4889,"SCL"
"Australia","Australia","Nov_2020",0,"SCL"
"Peru","Peru","Nov_2020",725,"SCL"
"Netherlands","Netherlands","Dec_2020",1016,"SCL"
"Peru","Peru","Dec_2020",556,"SCL"
"Praguay","Praguay","Dec_2020",0,"SCL"
"Georgia","United States of America","Dec_2020",968,"SCL"
"New Zaeland","New Zaeland","Dec_2020",0,"SCL"
"Spain","Spain","Dec_2020",73,"SCL"
"Colombia","Colombia","Dec_2020",42,"SCL"
"Colombia","Colombia","Dec_2020",15224,"SCL"
"France","France","Dec_2020",0,"SCL"
"Australia","Australia","Dec_2020",0,"SCL"
"Argentina","Argentina","Dec_2020",11373,"SCL"
"Mexico","Mexico","Dec_2020",2123,"SCL"
"Panama","Panama","Dec_2020",8652,"SCL"
"Colombia","Colombia","Dec_2020",1711,"SCL"
"Mexico","Mexico","Dec_2020",0,"SCL"
"Venezuela","Venezuela","Dec_2020",420,"SCL"
"Peru","Peru","Dec_2020",0,"SCL"
"Bolivia","Bolivia","Dec_2020",0,"SCL"
"Argentina","Argentina","Dec_2020",0,"SCL"
"Parana","Brazil","Dec_2020",0,"SCL"
"Texas","United States of America","Dec_2020",0,"SCL"
"Santa Catarina","Brazil","Dec_2020",1042,"SCL"
"Goias","Brazil","Dec_2020",0,"SCL"
"Ecuador","Ecuador","Dec_2020",1498,"SCL"
"Texas","United States of America","Dec_2020",2560,"SCL"
"Parana","Brazil","Dec_2020",50,"SCL"
"Bolivia","Bolivia","Dec_2020",551,"SCL"
"Colombia","Colombia","Dec_2020",0,"SCL"
"Peru","Peru","Dec_2020",24694,"SCL"
"United Kingdom","United Kingdom","Dec_2020",262,"SCL"
"California","United States of America","Dec_2020",461,"SCL"
"Spain","Spain","Dec_2020",4715,"SCL"
"Colombia","Colombia","Dec_2020",0,"SCL"
"Argentina","Argentina","Dec_2020",0,"SCL"
"Florida","United States of America","Dec_2020",14465,"SCL"
"Uruguay","Uruguay","Dec_2020",1140,"SCL"
"India","India","Dec_2020",0,"SCL"
"New York","United States of America","Dec_2020",662,"SCL"
"French Polynesia","French Polynesia","Dec_2020",0,"SCL"
"France","France","Dec_2020",1241,"SCL"
"Colombia","Colombia","Dec_2020",0,"SCL"
"Rio Grande do Sul","Brazil","Dec_2020",0,"SCL"
"Haiti","Haiti","Dec_2020",0,"SCL"
"Dominican Republic","Dominican Republic","Dec_2020",0,"SCL"
"Ecuador","Ecuador","Dec_2020",0,"SCL"
"Rio de Janeiro","Brazil","Dec_2020",2359,"SCL"
"Bahia","Brazil","Dec_2020",78,"SCL"
"Argentina","Argentina","Dec_2020",0,"SCL"
"Bolivia","Bolivia","Dec_2020",1204,"SCL"
"Dominican Republic","Dominican Republic","Dec_2020",0,"SCL"
"Sao Paulo","Brazil","Dec_2020",8672,"SCL"
"Australia","Australia","Dec_2020",99,"SCL"
"Peru","Peru","Dec_2020",1490,"SCL"
"Netherlands","Netherlands","Jan_2021",1069,"SCL"
"Peru","Peru","Jan_2021",563,"SCL"
"Praguay","Praguay","Jan_2021",48,"SCL"
"Georgia","United States of America","Jan_2021",3269,"SCL"
"New Zaeland","New Zaeland","Jan_2021",0,"SCL"
"Spain","Spain","Jan_2021",703,"SCL"
"Colombia","Colombia","Jan_2021",0,"SCL"
"Colombia","Colombia","Jan_2021",11247,"SCL"
"France","France","Jan_2021",0,"SCL"
"Australia","Australia","Jan_2021",0,"SCL"
"Argentina","Argentina","Jan_2021",9232,"SCL"
"Mexico","Mexico","Jan_2021",3023,"SCL"
"Panama","Panama","Jan_2021",8510,"SCL"
"Colombia","Colombia","Jan_2021",842,"SCL"
"Mexico","Mexico","Jan_2021",0,"SCL"
"Venezuela","Venezuela","Jan_2021",0,"SCL"
"Peru","Peru","Jan_2021",0,"SCL"
"Bolivia","Bolivia","Jan_2021",0,"SCL"
"Argentina","Argentina","Jan_2021",0,"SCL"
"Parana","Brazil","Jan_2021",0,"SCL"
"Texas","United States of America","Jan_2021",0,"SCL"
"Santa Catarina","Brazil","Jan_2021",924,"SCL"
"Goias","Brazil","Jan_2021",0,"SCL"
"Ecuador","Ecuador","Jan_2021",1458,"SCL"
"Texas","United States of America","Jan_2021",3083,"SCL"
"Parana","Brazil","Jan_2021",0,"SCL"
"Bolivia","Bolivia","Jan_2021",384,"SCL"
"Colombia","Colombia","Jan_2021",0,"SCL"
"Peru","Peru","Jan_2021",21045,"SCL"
"United Kingdom","United Kingdom","Jan_2021",0,"SCL"
"California","United States of America","Jan_2021",249,"SCL"
"Spain","Spain","Jan_2021",6010,"SCL"
"Colombia","Colombia","Jan_2021",0,"SCL"
"Argentina","Argentina","Jan_2021",0,"SCL"
"Florida","United States of America","Jan_2021",12117,"SCL"
"Uruguay","Uruguay","Jan_2021",537,"SCL"
"India","India","Jan_2021",0,"SCL"
"New York","United States of America","Jan_2021",404,"SCL"
"French Polynesia","French Polynesia","Jan_2021",0,"SCL"
"France","France","Jan_2021",2409,"SCL"
"Colombia","Colombia","Jan_2021",0,"SCL"
"Rio Grande do Sul","Brazil","Jan_2021",0,"SCL"
"Haiti","Haiti","Jan_2021",205,"SCL"
"Dominican Republic","Dominican Republic","Jan_2021",0,"SCL"
"Ecuador","Ecuador","Jan_2021",0,"SCL"
"Rio de Janeiro","Brazil","Jan_2021",4145,"SCL"
"Bahia","Brazil","Jan_2021",0,"SCL"
"Argentina","Argentina","Jan_2021",0,"SCL"
"Bolivia","Bolivia","Jan_2021",876,"SCL"
"Dominican Republic","Dominican Republic","Jan_2021",0,"SCL"
"Sao Paulo","Brazil","Jan_2021",6933,"SCL"
"Australia","Australia","Jan_2021",26,"SCL"
"Peru","Peru","Jan_2021",1155,"SCL"
"Netherlands","Netherlands","Feb_2021",0,"SCL"
"Peru","Peru","Feb_2021",253,"SCL"
"Praguay","Praguay","Feb_2021",0,"SCL"
"Georgia","United States of America","Feb_2021",2255,"SCL"
"New Zaeland","New Zaeland","Feb_2021",0,"SCL"
"Spain","Spain","Feb_2021",0,"SCL"
"Colombia","Colombia","Feb_2021",0,"SCL"
"Colombia","Colombia","Feb_2021",9734,"SCL"
"France","France","Feb_2021",0,"SCL"
"Australia","Australia","Feb_2021",0,"SCL"
"Argentina","Argentina","Feb_2021",9556,"SCL"
"Mexico","Mexico","Feb_2021",3625,"SCL"
"Panama","Panama","Feb_2021",9738,"SCL"
"Colombia","Colombia","Feb_2021",575,"SCL"
"Mexico","Mexico","Feb_2021",1533,"SCL"
"Venezuela","Venezuela","Feb_2021",0,"SCL"
"Peru","Peru","Feb_2021",0,"SCL"
"Bolivia","Bolivia","Feb_2021",0,"SCL"
"Argentina","Argentina","Feb_2021",0,"SCL"
"Parana","Brazil","Feb_2021",0,"SCL"
"Texas","United States of America","Feb_2021",0,"SCL"
"Santa Catarina","Brazil","Feb_2021",1015,"SCL"
"Goias","Brazil","Feb_2021",0,"SCL"
"Ecuador","Ecuador","Feb_2021",1238,"SCL"
"Texas","United States of America","Feb_2021",1754,"SCL"
"Parana","Brazil","Feb_2021",0,"SCL"
"Bolivia","Bolivia","Feb_2021",326,"SCL"
"Colombia","Colombia","Feb_2021",0,"SCL"
"Peru","Peru","Feb_2021",14187,"SCL"
"United Kingdom","United Kingdom","Feb_2021",0,"SCL"
"California","United States of America","Feb_2021",0,"SCL"
"Spain","Spain","Feb_2021",4136,"SCL"
"Colombia","Colombia","Feb_2021",0,"SCL"
"Argentina","Argentina","Feb_2021",0,"SCL"
"Florida","United States of America","Feb_2021",9125,"SCL"
"Uruguay","Uruguay","Feb_2021",819,"SCL"
"India","India","Feb_2021",0,"SCL"
"New York","United States of America","Feb_2021",2,"SCL"
"French Polynesia","French Polynesia","Feb_2021",0,"SCL"
"France","France","Feb_2021",1856,"SCL"
"Colombia","Colombia","Feb_2021",0,"SCL"
"Rio Grande do Sul","Brazil","Feb_2021",0,"SCL"
"Haiti","Haiti","Feb_2021",251,"SCL"
"Dominican Republic","Dominican Republic","Feb_2021",0,"SCL"
"Ecuador","Ecuador","Feb_2021",0,"SCL"
"Rio de Janeiro","Brazil","Feb_2021",3744,"SCL"
"Bahia","Brazil","Feb_2021",0,"SCL"
"Argentina","Argentina","Feb_2021",0,"SCL"
"Bolivia","Bolivia","Feb_2021",606,"SCL"
"Dominican Republic","Dominican Republic","Feb_2021",0,"SCL"
"Sao Paulo","Brazil","Feb_2021",6916,"SCL"
"Australia","Australia","Feb_2021",120,"SCL"
"Peru","Peru","Feb_2021",929,"SCL"
"Netherlands","Netherlands","Mar_2021",387,"SCL"
"Peru","Peru","Mar_2021",278,"SCL"
"Praguay","Praguay","Mar_2021",0,"SCL"
"Georgia","United States of America","Mar_2021",1932,"SCL"
"New Zaeland","New Zaeland","Mar_2021",0,"SCL"
"Spain","Spain","Mar_2021",0,"SCL"
"Colombia","Colombia","Mar_2021",0,"SCL"
"Colombia","Colombia","Mar_2021",9329,"SCL"
"France","France","Mar_2021",0,"SCL"
"Australia","Australia","Mar_2021",0,"SCL"
"Argentina","Argentina","Mar_2021",8651,"SCL"
"Mexico","Mexico","Mar_2021",3374,"SCL"
"Panama","Panama","Mar_2021",8633,"SCL"
"Colombia","Colombia","Mar_2021",621,"SCL"
"Mexico","Mexico","Mar_2021",0,"SCL"
"Venezuela","Venezuela","Mar_2021",171,"SCL"
"Peru","Peru","Mar_2021",0,"SCL"
"Bolivia","Bolivia","Mar_2021",0,"SCL"
"Argentina","Argentina","Mar_2021",0,"SCL"
"Parana","Brazil","Mar_2021",0,"SCL"
"Texas","United States of America","Mar_2021",259,"SCL"
"Santa Catarina","Brazil","Mar_2021",67,"SCL"
"Goias","Brazil","Mar_2021",0,"SCL"
"Ecuador","Ecuador","Mar_2021",1368,"SCL"
"Texas","United States of America","Mar_2021",1933,"SCL"
"Parana","Brazil","Mar_2021",0,"SCL"
"Bolivia","Bolivia","Mar_2021",320,"SCL"
"Colombia","Colombia","Mar_2021",0,"SCL"
"Peru","Peru","Mar_2021",14330,"SCL"
"United Kingdom","United Kingdom","Mar_2021",0,"SCL"
"California","United States of America","Mar_2021",0,"SCL"
"Spain","Spain","Mar_2021",4769,"SCL"
"Colombia","Colombia","Mar_2021",0,"SCL"
"Argentina","Argentina","Mar_2021",0,"SCL"
"Florida","United States of America","Mar_2021",9990,"SCL"
"Uruguay","Uruguay","Mar_2021",644,"SCL"
"India","India","Mar_2021",0,"SCL"
"New York","United States of America","Mar_2021",0,"SCL"
"French Polynesia","French Polynesia","Mar_2021",0,"SCL"
"France","France","Mar_2021",1842,"SCL"
"Colombia","Colombia","Mar_2021",0,"SCL"
"Rio Grande do Sul","Brazil","Mar_2021",0,"SCL"
"Haiti","Haiti","Mar_2021",366,"SCL"
"Dominican Republic","Dominican Republic","Mar_2021",0,"SCL"
"Ecuador","Ecuador","Mar_2021",34,"SCL"
"Rio de Janeiro","Brazil","Mar_2021",817,"SCL"
"Bahia","Brazil","Mar_2021",0,"SCL"
"Argentina","Argentina","Mar_2021",0,"SCL"
"Bolivia","Bolivia","Mar_2021",680,"SCL"
"Dominican Republic","Dominican Republic","Mar_2021",0,"SCL"
"Sao Paulo","Brazil","Mar_2021",5419,"SCL"
"Australia","Australia","Mar_2021",0,"SCL"
"Peru","Peru","Mar_2021",922,"SCL"
"Netherlands","Netherlands","Apr_2021",382,"SCL"
"Peru","Peru","Apr_2021",68,"SCL"
"Praguay","Praguay","Apr_2021",42,"SCL"
"Georgia","United States of America","Apr_2021",820,"SCL"
"New Zaeland","New Zaeland","Apr_2021",0,"SCL"
"Spain","Spain","Apr_2021",0,"SCL"
"Colombia","Colombia","Apr_2021",0,"SCL"
"Colombia","Colombia","Apr_2021",1877,"SCL"
"France","France","Apr_2021",0,"SCL"
"Australia","Australia","Apr_2021",0,"SCL"
"Argentina","Argentina","Apr_2021",1345,"SCL"
"Mexico","Mexico","Apr_2021",628,"SCL"
"Panama","Panama","Apr_2021",2194,"SCL"
"Colombia","Colombia","Apr_2021",64,"SCL"
"Mexico","Mexico","Apr_2021",0,"SCL"
"Venezuela","Venezuela","Apr_2021",0,"SCL"
"Peru","Peru","Apr_2021",0,"SCL"
"Bolivia","Bolivia","Apr_2021",0,"SCL"
"Argentina","Argentina","Apr_2021",0,"SCL"
"Parana","Brazil","Apr_2021",0,"SCL"
"Texas","United States of America","Apr_2021",773,"SCL"
"Santa Catarina","Brazil","Apr_2021",0,"SCL"
"Goias","Brazil","Apr_2021",0,"SCL"
"Ecuador","Ecuador","Apr_2021",326,"SCL"
"Texas","United States of America","Apr_2021",903,"SCL"
"Parana","Brazil","Apr_2021",0,"SCL"
"Bolivia","Bolivia","Apr_2021",28,"SCL"
"Colombia","Colombia","Apr_2021",0,"SCL"
"Peru","Peru","Apr_2021",3354,"SCL"
"United Kingdom","United Kingdom","Apr_2021",0,"SCL"
"California","United States of America","Apr_2021",0,"SCL"
"Spain","Spain","Apr_2021",2800,"SCL"
"Colombia","Colombia","Apr_2021",0,"SCL"
"Argentina","Argentina","Apr_2021",0,"SCL"
"Florida","United States of America","Apr_2021",2557,"SCL"
"Uruguay","Uruguay","Apr_2021",381,"SCL"
"India","India","Apr_2021",0,"SCL"
"New York","United States of America","Apr_2021",0,"SCL"
"French Polynesia","French Polynesia","Apr_2021",0,"SCL"
"France","France","Apr_2021",1711,"SCL"
"Colombia","Colombia","Apr_2021",47,"SCL"
"Rio Grande do Sul","Brazil","Apr_2021",0,"SCL"
"Haiti","Haiti","Apr_2021",43,"SCL"
"Dominican Republic","Dominican Republic","Apr_2021",0,"SCL"
"Ecuador","Ecuador","Apr_2021",40,"SCL"
"Rio de Janeiro","Brazil","Apr_2021",40,"SCL"
"Bahia","Brazil","Apr_2021",0,"SCL"
"Argentina","Argentina","Apr_2021",0,"SCL"
"Bolivia","Bolivia","Apr_2021",166,"SCL"
"Dominican Republic","Dominican Republic","Apr_2021",0,"SCL"
"Sao Paulo","Brazil","Apr_2021",1391,"SCL"
"Australia","Australia","Apr_2021",0,"SCL"
"Peru","Peru","Apr_2021",61,"SCL"
"Netherlands","Netherlands","May_2021",397,"SCL"
"Peru","Peru","May_2021",0,"SCL"
"Praguay","Praguay","May_2021",0,"SCL"
"Georgia","United States of America","May_2021",702,"SCL"
"New Zaeland","New Zaeland","May_2021",0,"SCL"
"Spain","Spain","May_2021",0,"SCL"
"Colombia","Colombia","May_2021",0,"SCL"
"Colombia","Colombia","May_2021",996,"SCL"
"France","France","May_2021",0,"SCL"
"Australia","Australia","May_2021",0,"SCL"
"Argentina","Argentina","May_2021",1547,"SCL"
"Mexico","Mexico","May_2021",518,"SCL"
"Panama","Panama","May_2021",2280,"SCL"
"Colombia","Colombia","May_2021",NA,"SCL"
"Mexico","Mexico","May_2021",0,"SCL"
"Venezuela","Venezuela","May_2021",0,"SCL"
"Peru","Peru","May_2021",0,"SCL"
"Bolivia","Bolivia","May_2021",0,"SCL"
"Argentina","Argentina","May_2021",0,"SCL"
"Parana","Brazil","May_2021",0,"SCL"
"Texas","United States of America","May_2021",970,"SCL"
"Santa Catarina","Brazil","May_2021",0,"SCL"
"Goias","Brazil","May_2021",37,"SCL"
"Ecuador","Ecuador","May_2021",199,"SCL"
"Texas","United States of America","May_2021",894,"SCL"
"Parana","Brazil","May_2021",0,"SCL"
"Bolivia","Bolivia","May_2021",0,"SCL"
"Colombia","Colombia","May_2021",0,"SCL"
"Peru","Peru","May_2021",2383,"SCL"
"United Kingdom","United Kingdom","May_2021",0,"SCL"
"California","United States of America","May_2021",58,"SCL"
"Spain","Spain","May_2021",2577,"SCL"
"Colombia","Colombia","May_2021",44,"SCL"
"Argentina","Argentina","May_2021",0,"SCL"
"Florida","United States of America","May_2021",2735,"SCL"
"Uruguay","Uruguay","May_2021",271,"SCL"
"India","India","May_2021",0,"SCL"
"New York","United States of America","May_2021",97,"SCL"
"French Polynesia","French Polynesia","May_2021",0,"SCL"
"France","France","May_2021",1153,"SCL"
"Colombia","Colombia","May_2021",0,"SCL"
"Rio Grande do Sul","Brazil","May_2021",0,"SCL"
"Haiti","Haiti","May_2021",0,"SCL"
"Dominican Republic","Dominican Republic","May_2021",0,"SCL"
"Ecuador","Ecuador","May_2021",29,"SCL"
"Rio de Janeiro","Brazil","May_2021",55,"SCL"
"Bahia","Brazil","May_2021",0,"SCL"
"Argentina","Argentina","May_2021",0,"SCL"
"Bolivia","Bolivia","May_2021",119,"SCL"
"Dominican Republic","Dominican Republic","May_2021",0,"SCL"
"Sao Paulo","Brazil","May_2021",971,"SCL"
"Australia","Australia","May_2021",0,"SCL"
"Peru","Peru","May_2021",0,"SCL"
"Netherlands","Netherlands","June_2021",939,"SCL"
"Peru","Peru","June_2021",0,"SCL"
"Praguay","Praguay","June_2021",195,"SCL"
"Georgia","United States of America","June_2021",989,"SCL"
"New Zaeland","New Zaeland","June_2021",0,"SCL"
"Spain","Spain","June_2021",0,"SCL"
"Colombia","Colombia","June_2021",0,"SCL"
"Colombia","Colombia","June_2021",2597,"SCL"
"France","France","June_2021",0,"SCL"
"Australia","Australia","June_2021",0,"SCL"
"Argentina","Argentina","June_2021",1238,"SCL"
"Mexico","Mexico","June_2021",1014,"SCL"
"Panama","Panama","June_2021",2943,"SCL"
"Colombia","Colombia","June_2021",0,"SCL"
"Mexico","Mexico","June_2021",0,"SCL"
"Venezuela","Venezuela","June_2021",0,"SCL"
"Peru","Peru","June_2021",0,"SCL"
"Bolivia","Bolivia","June_2021",0,"SCL"
"Argentina","Argentina","June_2021",0,"SCL"
"Parana","Brazil","June_2021",0,"SCL"
"Texas","United States of America","June_2021",1846,"SCL"
"Santa Catarina","Brazil","June_2021",0,"SCL"
"Goias","Brazil","June_2021",0,"SCL"
"Ecuador","Ecuador","June_2021",178,"SCL"
"Texas","United States of America","June_2021",1416,"SCL"
"Parana","Brazil","June_2021",0,"SCL"
"Bolivia","Bolivia","June_2021",0,"SCL"
"Colombia","Colombia","June_2021",0,"SCL"
"Peru","Peru","June_2021",3831,"SCL"
"United Kingdom","United Kingdom","June_2021",0,"SCL"
"California","United States of America","June_2021",0,"SCL"
"Spain","Spain","June_2021",4721,"SCL"
"Colombia","Colombia","June_2021",0,"SCL"
"Argentina","Argentina","June_2021",0,"SCL"
"Florida","United States of America","June_2021",4775,"SCL"
"Uruguay","Uruguay","June_2021",196,"SCL"
"India","India","June_2021",0,"SCL"
"New York","United States of America","June_2021",0,"SCL"
"French Polynesia","French Polynesia","June_2021",0,"SCL"
"France","France","June_2021",2264,"SCL"
"Colombia","Colombia","June_2021",0,"SCL"
"Rio Grande do Sul","Brazil","June_2021",0,"SCL"
"Haiti","Haiti","June_2021",0,"SCL"
"Dominican Republic","Dominican Republic","June_2021",0,"SCL"
"Ecuador","Ecuador","June_2021",0,"SCL"
"Rio de Janeiro","Brazil","June_2021",117,"SCL"
"Bahia","Brazil","June_2021",0,"SCL"
"Argentina","Argentina","June_2021",0,"SCL"
"Bolivia","Bolivia","June_2021",171,"SCL"
"Dominican Republic","Dominican Republic","June_2021",0,"SCL"
"Sao Paulo","Brazil","June_2021",1141,"SCL"
"Australia","Australia","June_2021",0,"SCL"
"Peru","Peru","June_2021",0,"SCL"
"Netherlands","Netherlands","Jul_2021",1483,"SCL"
"Peru","Peru","Jul_2021",124,"SCL"
"Praguay","Praguay","Jul_2021",300,"SCL"
"Georgia","United States of America","Jul_2021",1228,"SCL"
"New Zaeland","New Zaeland","Jul_2021",0,"SCL"
"Spain","Spain","Jul_2021",0,"SCL"
"Colombia","Colombia","Jul_2021",0,"SCL"
"Colombia","Colombia","Jul_2021",4991,"SCL"
"France","France","Jul_2021",0,"SCL"
"Australia","Australia","Jul_2021",120,"SCL"
"Argentina","Argentina","Jul_2021",0,"SCL"
"Mexico","Mexico","Jul_2021",1451,"SCL"
"Panama","Panama","Jul_2021",2974,"SCL"
"Colombia","Colombia","Jul_2021",467,"SCL"
"Mexico","Mexico","Jul_2021",0,"SCL"
"Venezuela","Venezuela","Jul_2021",216,"SCL"
"Peru","Peru","Jul_2021",0,"SCL"
"Bolivia","Bolivia","Jul_2021",0,"SCL"
"Argentina","Argentina","Jul_2021",0,"SCL"
"Parana","Brazil","Jul_2021",0,"SCL"
"Texas","United States of America","Jul_2021",2219,"SCL"
"Santa Catarina","Brazil","Jul_2021",0,"SCL"
"Goias","Brazil","Jul_2021",0,"SCL"
"Ecuador","Ecuador","Jul_2021",461,"SCL"
"Texas","United States of America","Jul_2021",1307,"SCL"
"Parana","Brazil","Jul_2021",0,"SCL"
"Bolivia","Bolivia","Jul_2021",92,"SCL"
"Colombia","Colombia","Jul_2021",0,"SCL"
"Peru","Peru","Jul_2021",5234,"SCL"
"United Kingdom","United Kingdom","Jul_2021",0,"SCL"
"California","United States of America","Jul_2021",308,"SCL"
"Spain","Spain","Jul_2021",7495,"SCL"
"Colombia","Colombia","Jul_2021",0,"SCL"
"Argentina","Argentina","Jul_2021",0,"SCL"
"Florida","United States of America","Jul_2021",6257,"SCL"
"Uruguay","Uruguay","Jul_2021",693,"SCL"
"India","India","Jul_2021",0,"SCL"
"New York","United States of America","Jul_2021",1299,"SCL"
"French Polynesia","French Polynesia","Jul_2021",0,"SCL"
"France","France","Jul_2021",2043,"SCL"
"Colombia","Colombia","Jul_2021",0,"SCL"
"Rio Grande do Sul","Brazil","Jul_2021",0,"SCL"
"Haiti","Haiti","Jul_2021",0,"SCL"
"Dominican Republic","Dominican Republic","Jul_2021",0,"SCL"
"Ecuador","Ecuador","Jul_2021",0,"SCL"
"Rio de Janeiro","Brazil","Jul_2021",51,"SCL"
"Bahia","Brazil","Jul_2021",0,"SCL"
"Argentina","Argentina","Jul_2021",0,"SCL"
"Bolivia","Bolivia","Jul_2021",287,"SCL"
"Dominican Republic","Dominican Republic","Jul_2021",0,"SCL"
"Sao Paulo","Brazil","Jul_2021",2487,"SCL"
"Australia","Australia","Jul_2021",0,"SCL"
"Peru","Peru","Jul_2021",435,"SCL"
"Netherlands","Netherlands","Aug_2021",1872,"SCL"
"Peru","Peru","Aug_2021",322,"SCL"
"Praguay","Praguay","Aug_2021",564,"SCL"
"Georgia","United States of America","Aug_2021",1665,"SCL"
"New Zaeland","New Zaeland","Aug_2021",0,"SCL"
"Spain","Spain","Aug_2021",0,"SCL"
"Colombia","Colombia","Aug_2021",0,"SCL"
"Colombia","Colombia","Aug_2021",8745,"SCL"
"France","France","Aug_2021",158,"SCL"
"Australia","Australia","Aug_2021",0,"SCL"
"Argentina","Argentina","Aug_2021",1259,"SCL"
"Mexico","Mexico","Aug_2021",4481,"SCL"
"Panama","Panama","Aug_2021",3996,"SCL"
"Colombia","Colombia","Aug_2021",811,"SCL"
"Mexico","Mexico","Aug_2021",0,"SCL"
"Venezuela","Venezuela","Aug_2021",0,"SCL"
"Peru","Peru","Aug_2021",0,"SCL"
"Bolivia","Bolivia","Aug_2021",0,"SCL"
"Argentina","Argentina","Aug_2021",0,"SCL"
"Parana","Brazil","Aug_2021",0,"SCL"
"Texas","United States of America","Aug_2021",3252,"SCL"
"Santa Catarina","Brazil","Aug_2021",0,"SCL"
"Goias","Brazil","Aug_2021",0,"SCL"
"Ecuador","Ecuador","Aug_2021",744,"SCL"
"Texas","United States of America","Aug_2021",3356,"SCL"
"Parana","Brazil","Aug_2021",0,"SCL"
"Bolivia","Bolivia","Aug_2021",280,"SCL"
"Colombia","Colombia","Aug_2021",0,"SCL"
"Peru","Peru","Aug_2021",13542,"SCL"
"United Kingdom","United Kingdom","Aug_2021",0,"SCL"
"California","United States of America","Aug_2021",1080,"SCL"
"Spain","Spain","Aug_2021",11483,"SCL"
"Colombia","Colombia","Aug_2021",0,"SCL"
"Argentina","Argentina","Aug_2021",0,"SCL"
"Florida","United States of America","Aug_2021",10329,"SCL"
"Uruguay","Uruguay","Aug_2021",1106,"SCL"
"India","India","Aug_2021",0,"SCL"
"New York","United States of America","Aug_2021",3085,"SCL"
"French Polynesia","French Polynesia","Aug_2021",0,"SCL"
"France","France","Aug_2021",2591,"SCL"
"Colombia","Colombia","Aug_2021",0,"SCL"
"Rio Grande do Sul","Brazil","Aug_2021",0,"SCL"
"Haiti","Haiti","Aug_2021",647,"SCL"
"Dominican Republic","Dominican Republic","Aug_2021",182,"SCL"
"Ecuador","Ecuador","Aug_2021",0,"SCL"
"Rio de Janeiro","Brazil","Aug_2021",543,"SCL"
"Bahia","Brazil","Aug_2021",0,"SCL"
"Argentina","Argentina","Aug_2021",0,"SCL"
"Bolivia","Bolivia","Aug_2021",487,"SCL"
"Dominican Republic","Dominican Republic","Aug_2021",0,"SCL"
"Sao Paulo","Brazil","Aug_2021",4620,"SCL"
"Australia","Australia","Aug_2021",0,"SCL"
"Peru","Peru","Aug_2021",855,"SCL"
"Netherlands","Netherlands","Sep_2021",1806,"SCL"
"Peru","Peru","Sep_2021",284,"SCL"
"Praguay","Praguay","Sep_2021",534,"SCL"
"Georgia","United States of America","Sep_2021",1169,"SCL"
"New Zaeland","New Zaeland","Sep_2021",0,"SCL"
"Spain","Spain","Sep_2021",0,"SCL"
"Colombia","Colombia","Sep_2021",0,"SCL"
"Colombia","Colombia","Sep_2021",8733,"SCL"
"France","France","Sep_2021",0,"SCL"
"Australia","Australia","Sep_2021",0,"SCL"
"Argentina","Argentina","Sep_2021",1528,"SCL"
"Mexico","Mexico","Sep_2021",4662,"SCL"
"Panama","Panama","Sep_2021",10496,"SCL"
"Colombia","Colombia","Sep_2021",532,"SCL"
"Mexico","Mexico","Sep_2021",415,"SCL"
"Venezuela","Venezuela","Sep_2021",0,"SCL"
"Peru","Peru","Sep_2021",0,"SCL"
"Bolivia","Bolivia","Sep_2021",0,"SCL"
"Argentina","Argentina","Sep_2021",0,"SCL"
"Parana","Brazil","Sep_2021",0,"SCL"
"Texas","United States of America","Sep_2021",3047,"SCL"
"Santa Catarina","Brazil","Sep_2021",0,"SCL"
"Goias","Brazil","Sep_2021",0,"SCL"
"Ecuador","Ecuador","Sep_2021",576,"SCL"
"Texas","United States of America","Sep_2021",3095,"SCL"
"Parana","Brazil","Sep_2021",0,"SCL"
"Bolivia","Bolivia","Sep_2021",205,"SCL"
"Colombia","Colombia","Sep_2021",0,"SCL"
"Peru","Peru","Sep_2021",13431,"SCL"
"United Kingdom","United Kingdom","Sep_2021",0,"SCL"
"California","United States of America","Sep_2021",1677,"SCL"
"Spain","Spain","Sep_2021",12303,"SCL"
"Colombia","Colombia","Sep_2021",0,"SCL"
"Argentina","Argentina","Sep_2021",76,"SCL"
"Florida","United States of America","Sep_2021",11538,"SCL"
"Uruguay","Uruguay","Sep_2021",1372,"SCL"
"India","India","Sep_2021",0,"SCL"
"New York","United States of America","Sep_2021",4507,"SCL"
"French Polynesia","French Polynesia","Sep_2021",0,"SCL"
"France","France","Sep_2021",2585,"SCL"
"Colombia","Colombia","Sep_2021",0,"SCL"
"Rio Grande do Sul","Brazil","Sep_2021",0,"SCL"
"Haiti","Haiti","Sep_2021",447,"SCL"
"Dominican Republic","Dominican Republic","Sep_2021",36,"SCL"
"Ecuador","Ecuador","Sep_2021",57,"SCL"
"Rio de Janeiro","Brazil","Sep_2021",1215,"SCL"
"Bahia","Brazil","Sep_2021",0,"SCL"
"Argentina","Argentina","Sep_2021",0,"SCL"
"Bolivia","Bolivia","Sep_2021",343,"SCL"
"Dominican Republic","Dominican Republic","Sep_2021",0,"SCL"
"Sao Paulo","Brazil","Sep_2021",5964,"SCL"
"Australia","Australia","Sep_2021",0,"SCL"
"Peru","Peru","Sep_2021",627,"SCL"
"Netherlands","Netherlands","Oct_2021",2333,"SCL"
"Peru","Peru","Oct_2021",470,"SCL"
"Praguay","Praguay","Oct_2021",0,"SCL"
"Georgia","United States of America","Oct_2021",1308,"SCL"
"New Zaeland","New Zaeland","Oct_2021",0,"SCL"
"Spain","Spain","Oct_2021",0,"SCL"
"Colombia","Colombia","Oct_2021",0,"SCL"
"Colombia","Colombia","Oct_2021",11273,"SCL"
"France","France","Oct_2021",0,"SCL"
"Australia","Australia","Oct_2021",0,"SCL"
"Argentina","Argentina","Oct_2021",6766,"SCL"
"Mexico","Mexico","Oct_2021",3996,"SCL"
"Panama","Panama","Oct_2021",12390,"SCL"
"Colombia","Colombia","Oct_2021",842,"SCL"
"Mexico","Mexico","Oct_2021",2296,"SCL"
"Venezuela","Venezuela","Oct_2021",183,"SCL"
"Peru","Peru","Oct_2021",0,"SCL"
"Bolivia","Bolivia","Oct_2021",0,"SCL"
"Argentina","Argentina","Oct_2021",0,"SCL"
"Parana","Brazil","Oct_2021",0,"SCL"
"Texas","United States of America","Oct_2021",3603,"SCL"
"Santa Catarina","Brazil","Oct_2021",0,"SCL"
"Goias","Brazil","Oct_2021",0,"SCL"
"Ecuador","Ecuador","Oct_2021",884,"SCL"
"Texas","United States of America","Oct_2021",4452,"SCL"
"Parana","Brazil","Oct_2021",0,"SCL"
"Bolivia","Bolivia","Oct_2021",246,"SCL"
"Colombia","Colombia","Oct_2021",0,"SCL"
"Peru","Peru","Oct_2021",18902,"SCL"
"United Kingdom","United Kingdom","Oct_2021",0,"SCL"
"California","United States of America","Oct_2021",1485,"SCL"
"Spain","Spain","Oct_2021",11992,"SCL"
"Colombia","Colombia","Oct_2021",0,"SCL"
"Argentina","Argentina","Oct_2021",1061,"SCL"
"Florida","United States of America","Oct_2021",15930,"SCL"
"Uruguay","Uruguay","Oct_2021",1891,"SCL"
"India","India","Oct_2021",0,"SCL"
"New York","United States of America","Oct_2021",5218,"SCL"
"French Polynesia","French Polynesia","Oct_2021",0,"SCL"
"France","France","Oct_2021",2695,"SCL"
"Colombia","Colombia","Oct_2021",0,"SCL"
"Rio Grande do Sul","Brazil","Oct_2021",0,"SCL"
"Haiti","Haiti","Oct_2021",424,"SCL"
"Dominican Republic","Dominican Republic","Oct_2021",1097,"SCL"
"Ecuador","Ecuador","Oct_2021",0,"SCL"
"Rio de Janeiro","Brazil","Oct_2021",2005,"SCL"
"Bahia","Brazil","Oct_2021",0,"SCL"
"Argentina","Argentina","Oct_2021",0,"SCL"
"Bolivia","Bolivia","Oct_2021",466,"SCL"
"Dominican Republic","Dominican Republic","Oct_2021",0,"SCL"
"Sao Paulo","Brazil","Oct_2021",7101,"SCL"
"Australia","Australia","Oct_2021",19,"SCL"
"Peru","Peru","Oct_2021",870,"SCL"
"Netherlands","Netherlands","Nov_2021",2020,"SCL"
"Peru","Peru","Nov_2021",437,"SCL"
"Praguay","Praguay","Nov_2021",179,"SCL"
"Georgia","United States of America","Nov_2021",2090,"SCL"
"New Zaeland","New Zaeland","Nov_2021",0,"SCL"
"Spain","Spain","Nov_2021",0,"SCL"
"Colombia","Colombia","Nov_2021",0,"SCL"
"Colombia","Colombia","Nov_2021",14609,"SCL"
"France","France","Nov_2021",0,"SCL"
"Australia","Australia","Nov_2021",0,"SCL"
"Argentina","Argentina","Nov_2021",17722,"SCL"
"Mexico","Mexico","Nov_2021",6277,"SCL"
"Panama","Panama","Nov_2021",14436,"SCL"
"Colombia","Colombia","Nov_2021",1561,"SCL"
"Mexico","Mexico","Nov_2021",2228,"SCL"
"Venezuela","Venezuela","Nov_2021",0,"SCL"
"Peru","Peru","Nov_2021",0,"SCL"
"Bolivia","Bolivia","Nov_2021",0,"SCL"
"Argentina","Argentina","Nov_2021",846,"SCL"
"Parana","Brazil","Nov_2021",0,"SCL"
"Texas","United States of America","Nov_2021",2432,"SCL"
"Santa Catarina","Brazil","Nov_2021",0,"SCL"
"Goias","Brazil","Nov_2021",0,"SCL"
"Ecuador","Ecuador","Nov_2021",1161,"SCL"
"Texas","United States of America","Nov_2021",6014,"SCL"
"Parana","Brazil","Nov_2021",0,"SCL"
"Bolivia","Bolivia","Nov_2021",294,"SCL"
"Colombia","Colombia","Nov_2021",0,"SCL"
"Peru","Peru","Nov_2021",27883,"SCL"
"United Kingdom","United Kingdom","Nov_2021",0,"SCL"
"California","United States of America","Nov_2021",1755,"SCL"
"Spain","Spain","Nov_2021",10777,"SCL"
"Colombia","Colombia","Nov_2021",0,"SCL"
"Argentina","Argentina","Nov_2021",4010,"SCL"
"Florida","United States of America","Nov_2021",16868,"SCL"
"Uruguay","Uruguay","Nov_2021",2326,"SCL"
"India","India","Nov_2021",0,"SCL"
"New York","United States of America","Nov_2021",6048,"SCL"
"French Polynesia","French Polynesia","Nov_2021",0,"SCL"
"France","France","Nov_2021",2389,"SCL"
"Colombia","Colombia","Nov_2021",0,"SCL"
"Rio Grande do Sul","Brazil","Nov_2021",0,"SCL"
"Haiti","Haiti","Nov_2021",165,"SCL"
"Dominican Republic","Dominican Republic","Nov_2021",1261,"SCL"
"Ecuador","Ecuador","Nov_2021",55,"SCL"
"Rio de Janeiro","Brazil","Nov_2021",4624,"SCL"
"Bahia","Brazil","Nov_2021",0,"SCL"
"Argentina","Argentina","Nov_2021",0,"SCL"
"Bolivia","Bolivia","Nov_2021",562,"SCL"
"Dominican Republic","Dominican Republic","Nov_2021",0,"SCL"
"Sao Paulo","Brazil","Nov_2021",11298,"SCL"
"Australia","Australia","Nov_2021",0,"SCL"
"Peru","Peru","Nov_2021",1656,"SCL"
"Netherlands","Netherlands","Dec_2021",2776,"SCL"
"Peru","Peru","Dec_2021",1267,"SCL"
"Praguay","Praguay","Dec_2021",0,"SCL"
"Georgia","United States of America","Dec_2021",2930,"SCL"
"New Zaeland","New Zaeland","Dec_2021",0,"SCL"
"Spain","Spain","Dec_2021",0,"SCL"
"Colombia","Colombia","Dec_2021",0,"SCL"
"Colombia","Colombia","Dec_2021",24055,"SCL"
"France","France","Dec_2021",0,"SCL"
"Australia","Australia","Dec_2021",0,"SCL"
"Argentina","Argentina","Dec_2021",28479,"SCL"
"Mexico","Mexico","Dec_2021",7296,"SCL"
"Panama","Panama","Dec_2021",15517,"SCL"
"Colombia","Colombia","Dec_2021",4537,"SCL"
"Mexico","Mexico","Dec_2021",2549,"SCL"
"Venezuela","Venezuela","Dec_2021",218,"SCL"
"Peru","Peru","Dec_2021",0,"SCL"
"Bolivia","Bolivia","Dec_2021",0,"SCL"
"Argentina","Argentina","Dec_2021",2659,"SCL"
"Parana","Brazil","Dec_2021",0,"SCL"
"Texas","United States of America","Dec_2021",2568,"SCL"
"Santa Catarina","Brazil","Dec_2021",1547,"SCL"
"Goias","Brazil","Dec_2021",0,"SCL"
"Ecuador","Ecuador","Dec_2021",1670,"SCL"
"Texas","United States of America","Dec_2021",5578,"SCL"
"Parana","Brazil","Dec_2021",578,"SCL"
"Bolivia","Bolivia","Dec_2021",653,"SCL"
"Colombia","Colombia","Dec_2021",0,"SCL"
"Peru","Peru","Dec_2021",39509,"SCL"
"United Kingdom","United Kingdom","Dec_2021",2121,"SCL"
"California","United States of America","Dec_2021",2929,"SCL"
"Spain","Spain","Dec_2021",14748,"SCL"
"Colombia","Colombia","Dec_2021",1535,"SCL"
"Argentina","Argentina","Dec_2021",4179,"SCL"
"Florida","United States of America","Dec_2021",19874,"SCL"
"Uruguay","Uruguay","Dec_2021",3119,"SCL"
"India","India","Dec_2021",0,"SCL"
"New York","United States of America","Dec_2021",9200,"SCL"
"French Polynesia","French Polynesia","Dec_2021",0,"SCL"
"France","France","Dec_2021",4177,"SCL"
"Colombia","Colombia","Dec_2021",0,"SCL"
"Rio Grande do Sul","Brazil","Dec_2021",0,"SCL"
"Haiti","Haiti","Dec_2021",16,"SCL"
"Dominican Republic","Dominican Republic","Dec_2021",1018,"SCL"
"Ecuador","Ecuador","Dec_2021",0,"SCL"
"Rio de Janeiro","Brazil","Dec_2021",7613,"SCL"
"Bahia","Brazil","Dec_2021",0,"SCL"
"Argentina","Argentina","Dec_2021",0,"SCL"
"Bolivia","Bolivia","Dec_2021",1270,"SCL"
"Dominican Republic","Dominican Republic","Dec_2021",0,"SCL"
"Sao Paulo","Brazil","Dec_2021",16997,"SCL"
"Australia","Australia","Dec_2021",0,"SCL"
"Peru","Peru","Dec_2021",2997,"SCL"
"Argentina","Argentina","Sep_2020",0,"Other"
"Argentina","Argentina","Sep_2020",0,"Other"
"Colombia","Colombia","Sep_2020",0,"Other"
"Peru","Peru","Sep_2020",0,"Other"
"Paraguay","Paraguay","Sep_2020",0,"Other"
"Colombia","Colombia","Sep_2020",0,"Other"
"Venezuela","Venezuela","Sep_2020",0,"Other"
"Bolivia","Bolivia","Sep_2020",126,"Other"
"Haiti","Haiti","Sep_2020",0,"Other"
"Bolivia","Bolivia","Sep_2020",0,"Other"
"Paraguay","Paraguay","Sep_2020",0,"Other"
"Argentina","Argentina","Sep_2020",0,"Other"
"Uruguay","Uruguay","Sep_2020",0,"Other"
"Haiti","Haiti","Sep_2020",0,"Other"
"Colombia","Colombia","Sep_2020",0,"Other"
"Colombia","Colombia","Sep_2020",0,"Other"
"Argentina","Argentina","Oct_2020",0,"Other"
"Argentina","Argentina","Oct_2020",0,"Other"
"Colombia","Colombia","Oct_2020",0,"Other"
"Peru","Peru","Oct_2020",39,"Other"
"Paraguay","Paraguay","Oct_2020",0,"Other"
"Colombia","Colombia","Oct_2020",0,"Other"
"Venezuela","Venezuela","Oct_2020",0,"Other"
"Bolivia","Bolivia","Oct_2020",197,"Other"
"Haiti","Haiti","Oct_2020",0,"Other"
"Bolivia","Bolivia","Oct_2020",100,"Other"
"Paraguay","Paraguay","Oct_2020",0,"Other"
"Argentina","Argentina","Oct_2020",0,"Other"
"Uruguay","Uruguay","Oct_2020",40,"Other"
"Haiti","Haiti","Oct_2020",0,"Other"
"Colombia","Colombia","Oct_2020",0,"Other"
"Colombia","Colombia","Oct_2020",0,"Other"
"Argentina","Argentina","Nov_2020",0,"Other"
"Argentina","Argentina","Nov_2020",0,"Other"
"Colombia","Colombia","Nov_2020",0,"Other"
"Peru","Peru","Nov_2020",84,"Other"
"Paraguay","Paraguay","Nov_2020",0,"Other"
"Colombia","Colombia","Nov_2020",0,"Other"
"Venezuela","Venezuela","Nov_2020",0,"Other"
"Bolivia","Bolivia","Nov_2020",168,"Other"
"Haiti","Haiti","Nov_2020",0,"Other"
"Bolivia","Bolivia","Nov_2020",165,"Other"
"Paraguay","Paraguay","Nov_2020",0,"Other"
"Argentina","Argentina","Nov_2020",0,"Other"
"Uruguay","Uruguay","Nov_2020",0,"Other"
"Haiti","Haiti","Nov_2020",0,"Other"
"Colombia","Colombia","Nov_2020",58,"Other"
"Colombia","Colombia","Nov_2020",129,"Other"
"Argentina","Argentina","Dec_2020",0,"Other"
"Argentina","Argentina","Dec_2020",0,"Other"
"Colombia","Colombia","Dec_2020",26,"Other"
"Peru","Peru","Dec_2020",0,"Other"
"Paraguay","Paraguay","Dec_2020",0,"Other"
"Colombia","Colombia","Dec_2020",0,"Other"
"Venezuela","Venezuela","Dec_2020",0,"Other"
"Bolivia","Bolivia","Dec_2020",490,"Other"
"Haiti","Haiti","Dec_2020",0,"Other"
"Bolivia","Bolivia","Dec_2020",314,"Other"
"Paraguay","Paraguay","Dec_2020",0,"Other"
"Argentina","Argentina","Dec_2020",0,"Other"
"Uruguay","Uruguay","Dec_2020",0,"Other"
"Haiti","Haiti","Dec_2020",0,"Other"
"Colombia","Colombia","Dec_2020",66,"Other"
"Colombia","Colombia","Dec_2020",354,"Other"
"Argentina","Argentina","Jan_2021",0,"Other"
"Argentina","Argentina","Jan_2021",0,"Other"
"Colombia","Colombia","Jan_2021",0,"Other"
"Peru","Peru","Jan_2021",0,"Other"
"Paraguay","Paraguay","Jan_2021",0,"Other"
"Colombia","Colombia","Jan_2021",0,"Other"
"Venezuela","Venezuela","Jan_2021",0,"Other"
"Bolivia","Bolivia","Jan_2021",122,"Other"
"Haiti","Haiti","Jan_2021",0,"Other"
"Bolivia","Bolivia","Jan_2021",304,"Other"
"Paraguay","Paraguay","Jan_2021",0,"Other"
"Argentina","Argentina","Jan_2021",0,"Other"
"Uruguay","Uruguay","Jan_2021",0,"Other"
"Haiti","Haiti","Jan_2021",0,"Other"
"Colombia","Colombia","Jan_2021",0,"Other"
"Colombia","Colombia","Jan_2021",311,"Other"
"Argentina","Argentina","Feb_2021",0,"Other"
"Argentina","Argentina","Feb_2021",0,"Other"
"Colombia","Colombia","Feb_2021",0,"Other"
"Peru","Peru","Feb_2021",0,"Other"
"Paraguay","Paraguay","Feb_2021",0,"Other"
"Colombia","Colombia","Feb_2021",0,"Other"
"Venezuela","Venezuela","Feb_2021",0,"Other"
"Bolivia","Bolivia","Feb_2021",29,"Other"
"Haiti","Haiti","Feb_2021",0,"Other"
"Bolivia","Bolivia","Feb_2021",348,"Other"
"Paraguay","Paraguay","Feb_2021",0,"Other"
"Argentina","Argentina","Feb_2021",0,"Other"
"Uruguay","Uruguay","Feb_2021",0,"Other"
"Haiti","Haiti","Feb_2021",0,"Other"
"Colombia","Colombia","Feb_2021",0,"Other"
"Colombia","Colombia","Feb_2021",237,"Other"
"Argentina","Argentina","Mar_2021",0,"Other"
"Argentina","Argentina","Mar_2021",0,"Other"
"Colombia","Colombia","Mar_2021",0,"Other"
"Peru","Peru","Mar_2021",0,"Other"
"Paraguay","Paraguay","Mar_2021",0,"Other"
"Colombia","Colombia","Mar_2021",0,"Other"
"Venezuela","Venezuela","Mar_2021",0,"Other"
"Bolivia","Bolivia","Mar_2021",0,"Other"
"Haiti","Haiti","Mar_2021",0,"Other"
"Bolivia","Bolivia","Mar_2021",397,"Other"
"Paraguay","Paraguay","Mar_2021",0,"Other"
"Argentina","Argentina","Mar_2021",0,"Other"
"Uruguay","Uruguay","Mar_2021",0,"Other"
"Haiti","Haiti","Mar_2021",134,"Other"
"Colombia","Colombia","Mar_2021",0,"Other"
"Colombia","Colombia","Mar_2021",372,"Other"
"Argentina","Argentina","Apr_2021",0,"Other"
"Argentina","Argentina","Apr_2021",0,"Other"
"Colombia","Colombia","Apr_2021",0,"Other"
"Peru","Peru","Apr_2021",0,"Other"
"Paraguay","Paraguay","Apr_2021",0,"Other"
"Colombia","Colombia","Apr_2021",0,"Other"
"Venezuela","Venezuela","Apr_2021",0,"Other"
"Bolivia","Bolivia","Apr_2021",34,"Other"
"Haiti","Haiti","Apr_2021",0,"Other"
"Bolivia","Bolivia","Apr_2021",91,"Other"
"Paraguay","Paraguay","Apr_2021",0,"Other"
"Argentina","Argentina","Apr_2021",38,"Other"
"Uruguay","Uruguay","Apr_2021",0,"Other"
"Haiti","Haiti","Apr_2021",0,"Other"
"Colombia","Colombia","Apr_2021",0,"Other"
"Colombia","Colombia","Apr_2021",0,"Other"
"Argentina","Argentina","May_2021",0,"Other"
"Argentina","Argentina","May_2021",0,"Other"
"Colombia","Colombia","May_2021",0,"Other"
"Peru","Peru","May_2021",0,"Other"
"Paraguay","Paraguay","May_2021",48,"Other"
"Colombia","Colombia","May_2021",0,"Other"
"Venezuela","Venezuela","May_2021",0,"Other"
"Bolivia","Bolivia","May_2021",0,"Other"
"Haiti","Haiti","May_2021",0,"Other"
"Bolivia","Bolivia","May_2021",150,"Other"
"Paraguay","Paraguay","May_2021",36,"Other"
"Argentina","Argentina","May_2021",39,"Other"
"Uruguay","Uruguay","May_2021",0,"Other"
"Haiti","Haiti","May_2021",0,"Other"
"Colombia","Colombia","May_2021",0,"Other"
"Colombia","Colombia","May_2021",0,"Other"
"Argentina","Argentina","June_2021",0,"Other"
"Argentina","Argentina","June_2021",0,"Other"
"Colombia","Colombia","June_2021",0,"Other"
"Peru","Peru","June_2021",0,"Other"
"Paraguay","Paraguay","June_2021",0,"Other"
"Colombia","Colombia","June_2021",0,"Other"
"Venezuela","Venezuela","June_2021",102,"Other"
"Bolivia","Bolivia","June_2021",0,"Other"
"Haiti","Haiti","June_2021",0,"Other"
"Bolivia","Bolivia","June_2021",190,"Other"
"Paraguay","Paraguay","June_2021",0,"Other"
"Argentina","Argentina","June_2021",0,"Other"
"Uruguay","Uruguay","June_2021",0,"Other"
"Haiti","Haiti","June_2021",0,"Other"
"Colombia","Colombia","June_2021",0,"Other"
"Colombia","Colombia","June_2021",0,"Other"
"Argentina","Argentina","Jul_2021",0,"Other"
"Argentina","Argentina","Jul_2021",0,"Other"
"Colombia","Colombia","Jul_2021",0,"Other"
"Peru","Peru","Jul_2021",0,"Other"
"Paraguay","Paraguay","Jul_2021",0,"Other"
"Colombia","Colombia","Jul_2021",0,"Other"
"Venezuela","Venezuela","Jul_2021",0,"Other"
"Bolivia","Bolivia","Jul_2021",0,"Other"
"Haiti","Haiti","Jul_2021",0,"Other"
"Bolivia","Bolivia","Jul_2021",180,"Other"
"Paraguay","Paraguay","Jul_2021",0,"Other"
"Argentina","Argentina","Jul_2021",0,"Other"
"Uruguay","Uruguay","Jul_2021",0,"Other"
"Haiti","Haiti","Jul_2021",0,"Other"
"Colombia","Colombia","Jul_2021",0,"Other"
"Colombia","Colombia","Jul_2021",138,"Other"
"Argentina","Argentina","Aug_2021",0,"Other"
"Argentina","Argentina","Aug_2021",0,"Other"
"Colombia","Colombia","Aug_2021",0,"Other"
"Peru","Peru","Aug_2021",0,"Other"
"Paraguay","Paraguay","Aug_2021",0,"Other"
"Colombia","Colombia","Aug_2021",0,"Other"
"Venezuela","Venezuela","Aug_2021",0,"Other"
"Bolivia","Bolivia","Aug_2021",0,"Other"
"Haiti","Haiti","Aug_2021",0,"Other"
"Bolivia","Bolivia","Aug_2021",79,"Other"
"Paraguay","Paraguay","Aug_2021",0,"Other"
"Argentina","Argentina","Aug_2021",0,"Other"
"Uruguay","Uruguay","Aug_2021",0,"Other"
"Haiti","Haiti","Aug_2021",0,"Other"
"Colombia","Colombia","Aug_2021",0,"Other"
"Colombia","Colombia","Aug_2021",0,"Other"
"Argentina","Argentina","Sep_2021",0,"Other"
"Argentina","Argentina","Sep_2021",0,"Other"
"Colombia","Colombia","Sep_2021",0,"Other"
"Peru","Peru","Sep_2021",0,"Other"
"Paraguay","Paraguay","Sep_2021",0,"Other"
"Colombia","Colombia","Sep_2021",0,"Other"
"Venezuela","Venezuela","Sep_2021",0,"Other"
"Bolivia","Bolivia","Sep_2021",0,"Other"
"Haiti","Haiti","Sep_2021",447,"Other"
"Bolivia","Bolivia","Sep_2021",79,"Other"
"Paraguay","Paraguay","Sep_2021",0,"Other"
"Argentina","Argentina","Sep_2021",0,"Other"
"Uruguay","Uruguay","Sep_2021",0,"Other"
"Haiti","Haiti","Sep_2021",0,"Other"
"Colombia","Colombia","Sep_2021",0,"Other"
"Colombia","Colombia","Sep_2021",0,"Other"
"Argentina","Argentina","Oct_2021",0,"Other"
"Argentina","Argentina","Oct_2021",0,"Other"
"Colombia","Colombia","Oct_2021",0,"Other"
"Peru","Peru","Oct_2021",33,"Other"
"Paraguay","Paraguay","Oct_2021",0,"Other"
"Colombia","Colombia","Oct_2021",0,"Other"
"Venezuela","Venezuela","Oct_2021",0,"Other"
"Bolivia","Bolivia","Oct_2021",0,"Other"
"Haiti","Haiti","Oct_2021",0,"Other"
"Bolivia","Bolivia","Oct_2021",325,"Other"
"Paraguay","Paraguay","Oct_2021",0,"Other"
"Argentina","Argentina","Oct_2021",0,"Other"
"Uruguay","Uruguay","Oct_2021",0,"Other"
"Haiti","Haiti","Oct_2021",0,"Other"
"Colombia","Colombia","Oct_2021",0,"Other"
"Colombia","Colombia","Oct_2021",211,"Other"
"Argentina","Argentina","Nov_2021",0,"Other"
"Argentina","Argentina","Nov_2021",0,"Other"
"Colombia","Colombia","Nov_2021",0,"Other"
"Peru","Peru","Nov_2021",0,"Other"
"Paraguay","Paraguay","Nov_2021",0,"Other"
"Colombia","Colombia","Nov_2021",34,"Other"
"Venezuela","Venezuela","Nov_2021",65,"Other"
"Bolivia","Bolivia","Nov_2021",0,"Other"
"Haiti","Haiti","Nov_2021",0,"Other"
"Bolivia","Bolivia","Nov_2021",316,"Other"
"Paraguay","Paraguay","Nov_2021",0,"Other"
"Argentina","Argentina","Nov_2021",0,"Other"
"Uruguay","Uruguay","Nov_2021",0,"Other"
"Haiti","Haiti","Nov_2021",0,"Other"
"Colombia","Colombia","Nov_2021",0,"Other"
"Colombia","Colombia","Nov_2021",555,"Other"
"Argentina","Argentina","Dec_2021",12,"Other"
"Argentina","Argentina","Dec_2021",2,"Other"
"Colombia","Colombia","Dec_2021",0,"Other"
"Peru","Peru","Dec_2021",0,"Other"
"Paraguay","Paraguay","Dec_2021",0,"Other"
"Colombia","Colombia","Dec_2021",0,"Other"
"Venezuela","Venezuela","Dec_2021",0,"Other"
"Bolivia","Bolivia","Dec_2021",0,"Other"
"Haiti","Haiti","Dec_2021",0,"Other"
"Bolivia","Bolivia","Dec_2021",503,"Other"
"Paraguay","Paraguay","Dec_2021",0,"Other"
"Argentina","Argentina","Dec_2021",0,"Other"
"Uruguay","Uruguay","Dec_2021",0,"Other"
"Haiti","Haiti","Dec_2021",0,"Other"
"Colombia","Colombia","Dec_2021",0,"Other"
"Colombia","Colombia","Dec_2021",1582,"Other"
